annotation,(Intercept),host_type_2human,host_type_2domestic,host_type_2wild
VF0003,0.2926658323947797,5.429811230064238,5.289784260026621,2.896459723547557
VF0005,-0.1984923573379185,-4.282354940249724,-5.89634354547638,-3.012940207636763
VF0006,-0.7757612531480194,-1.3793190355680973,-1.9776607829340418,-1.4212490817432257
VF0013,-1.9408808956311316,-0.05763141492593524,2.5450443903505553,-0.037755105612989004
VF0014,0.08488762174802275,-1.56147503642846,1.2499861511885595,0.4672872422774965
VF0028,-0.09737732335595806,-3.0252379913871073,-3.9834119944820063,-2.0244824295327213
VF0033,1.012090075180341,-1.5982300463484582,1.1712430085564494,0.9731094961111111
VF0034,-0.8476917187942087,-0.20049603560894436,0.7179097073805037,-0.20108266551641507
VF0035,-0.2087655146554986,-1.639515699653558,-0.09305233163191962,-0.2930376379193817
VF0040,0.7861575450254954,2.168648938536814,2.4286860191673494,1.685659108204076
VF0041,0.9702649863106698,3.4414179665400857,3.5762886171048054,2.3922004592083113
VF0043,-0.06224444903534172,1.7246367771765192,0.7055445357927124,0.40663672844470505
VF0044,1.7038589956098271,5.390562033906639,5.8923770418756956,3.980807051642448
VF0050,-0.6778400326187007,-2.4203808917467815,-1.796601069374502,-1.3682751260572554
VF0051,-0.2906430521093178,0.42515210790137353,-1.8309424820215108,-0.9300160543776688
VF0052,0.5864001560395984,-1.7287364217747951,0.5956567406789841,0.4639762282273068
VF0056,1.2118512908712231,5.206409159215556,5.440494125623856,3.482198272486279
VF0057,-0.7149542516341572,1.9867132335176745,0.6011019921786982,5.4253484817357034e-5
VF0060,-2.536258988980588,-1.6656825164687041,-2.4277575007688643,-2.6699230927155986
VF0062,1.1116126270636195,4.4798375538027715,4.958610937921302,3.1568030397841005
VF0068,-0.95710246963494094,-0.07976764598277888,0.12435524983799721,-0.5128294860256281
VF0069,0.1935800223844746,-2.5490179332320646,-1.952544436686395,-0.9358901235126214
VF0072,0.216261783966781,4.827227131121383,5.102679285996326,2.722666641837681
VF0073,1.2961060049448083,3.550377806094301,2.8908948601574602,2.2945482903063907
VF0074,1.444798361490888,4.529103730538414,3.8145253268934414,2.8598674837022986
VF0075,0.4052084162303343,2.6083330127500277,2.594754310396935,1.5695879963347554
VF0078,-0.6083942460131759,-1.635528830522217,0.25887414798583874,-0.3741516654153988
VF0079,-0.8817874504237729,-4.0708825034558815,-2.589581787507214,-1.9627705358207501
VF0082,-0.07015554094358968,1.8102971996436856,1.398190009652401,0.7090689477830309
VF0083,-2.0005230394526854,0.6395992616648402,-0.6432548232912124,-1.399254150062838
VF0085,1.8376604592287455,4.391192923767249,3.7422714163472626,3.047594611598974
VF0089,-1.8434481979480906,-2.0825936949917607,-0.21925444216682566,-1.3401157243805293
VF0091,1.7038589956098271,5.390562033906639,5.8923770418756956,3.980807051642448
VF0093,-0.21445088031236903,0.3198434052651213,-2.5683097133436106,-1.2134189553410875
VF0094,0.9263170688884096,4.376135768400778,4.959918253880799,3.040626147191973
VF0095,1.772748994461413,1.431244187560307,1.707909905333729,1.892189904030912
VF0100,1.0680771810392906,0.4323525702730147,0.4921942987533345,0.8731249379613728
VF0101,-0.040509328853241926,-4.907365125322565,-4.584135476012619,-2.401361990462652
VF0102,-1.017313006089209,-0.5546406012178815,-1.4195083144501799,-1.2551052238848401
VF0103,0.8266375299924428,-2.0600893675120306,0.37396516008513503,0.4821692131516374
VF0104,-1.1562451310042918,-1.4153582918720162,-2.299868215631033,-1.786562079015138
VF0105,0.6306946520183138,-3.122745117262376,-5.143948327642963,-2.1090214338879165
VF0106,1.7038589956098271,5.390562033906639,5.8923770418756956,3.980807051642448
VF0109,-1.2924577735102043,-1.6147418343259634,-1.5296543933892761,-1.548309683095064
VF0111,0.17484127085898907,-2.908738151110429,-3.751367496271565,-1.7552401139186562
VF0112,0.38000536559376075,-4.266677728638225,-6.350818179182262,-2.869985387233597
VF0113,0.5283710081068805,5.203240232849441,5.170990891178665,2.964941618283002
VF0114,0.08372506328404372,0.2465036609630578,-1.7240391222270504,-0.6786980284329981
VF0116,0.22233415160738945,-5.166323301994313,-6.353022168134521,-3.0348493082955343
VF0118,-1.193114012794089,-3.07244765671728,-2.1382767020535343,-1.8699691656160065
VF0124,-0.21565784955934558,0.20791836630355323,0.3822387641703392,0.055969724846883034
VF0126,-0.21616448196323343,-3.291538290870336,-1.1120418725671728,-0.870544373962393
VF0127,-0.2895522450293722,-1.1575397789001323,0.515607359030082,-0.038142754357655136
VF0132,-1.0302244861104102,-1.3585351716052134,-1.3264951888899386,-1.2863174830064643
VF0136,-1.8719122265237125,-1.637448484870171,-2.825590201180308,-2.45115097330334
VF0138,-0.6310060587192007,-1.9385237890749587,-2.086003468470916,-1.4279587182277376
VF0140,-1.3557744986490536,-1.0265615396647751,-0.027153113017428177,-0.8872726380920503
VF0141,0.20616669171741808,2.753212712805178,-1.4814870192164373,-0.30238932322967144
VF0143,0.07928847992394326,-2.236433504535648,-1.2629180872121855,-0.6789947861893264
VF0144,1.7038589956098271,5.390562033906639,5.8923770418756956,3.980807051642448
VF0145,0.49843567820649876,-2.4204042783820623,0.04446410082343322,0.1185009060866955
VF0146,-2.4535242805523407,-2.0603279154826364,-2.512709508296405,-2.6897113877584733
VF0147,-1.750721197302855,-3.550803196394847,-1.6065072338620567,-2.0040054970040835
VF0148,-0.7019939206298687,0.14848512044715903,-2.55286530630744,-1.5058187156541816
VF0149,-2.033202541073776,-1.3220286303985445,-2.9188520053275098,-2.5609138734278223
VF0151,-0.15010971199856243,-2.0361683134394433,-2.378307660086576,-1.2808701793305945
VF0153,1.4602437899114036,4.996311938313719,5.269696309509944,3.5368767262324337
VF0155,-1.8587392064410635,-0.2128223955946323,-3.22272239360522,-2.502218760326122
VF0157,-0.28374131958777377,4.452249065085908,4.165079325636202,1.993642812822447
VF0159,0.5243234527234906,-0.09093969563932759,-0.7770060280518998,-0.037059443151407745
VF0160,0.08997970562215901,0.24056112887388784,-1.355335406114978,-0.5156833261942583
VF0163,-0.35981851715010893,1.043186329130516,-2.1435984525671135,-1.056866953822267
VF0166,0.6655855212924195,1.810131904064353,2.03400810038569,1.4154491178562971
VF0167,0.7861575450254954,2.168648938536814,2.4286860191673494,1.685659108204076
VF0169,0.9388107813658852,3.7575836000120373,4.718916740825195,2.8942493134281584
VF0171,0.010439870909686132,0.17841999818379073,-1.9228061555574572,-0.8131861329274074
VF0190,0.1232917121358319,-4.280135157134716,-5.41014107469033,-2.6135989665359367
VF0207,-0.3693474931633221,-0.5813820754540721,-1.652634549272018,-0.9789023315652885
VF0213,-0.24502239348885543,0.5733464853885746,1.1459612608283063,0.39891446830415606
VF0215,0.7857399550673563,-0.3129869836266987,1.4960593669034246,1.0836580864873122
VF0220,0.8521753062018598,-4.298748309936248,-4.672295638058624,-1.8684751472228749
VF0221,-0.5166359552438726,0.30983591451121106,-1.6944910508171058,-1.0123634514389073
VF0222,-0.4091202355581907,-3.1490625254131084,-3.5048321747231976,-2.009408244705714
VF0225,0.9692588016215066,0.8508050541427398,-0.24123400385840987,0.5306396575861294
VF0227,-0.08645021141287917,-3.8379379637014708,-4.616715442143712,-2.3572811032441106
VF0228,-0.08160871258555626,-4.253740961396064,-5.91200743637032,-2.9490173270642983
VF0230,0.4842984160305582,-1.0899997656301244,-0.9364178005113056,-0.20909855246458753
VF0234,0.49473218414617737,-5.138635538792505,-5.569771319612041,-2.5336327488702333
VF0236,-2.161349657479554,-2.486790392583049,-1.699950943185586,-2.2002646498996237
VF0237,-0.45712478689477465,0.4712063391396989,-1.5105690515949197,-0.8849515937423675
VF0238,-1.0787098508895663,0.9555359964665532,-0.9451422492448246,-0.9652495074814545
VF0239,-0.514825526668481,-0.04652232709403046,-0.9727312007102494,-0.7267934424972962
VF0243,1.3279495156432277,3.754456379339452,3.476218917408059,2.5831587629850623
VF0244,-1.8464248356303805,-1.6052349735151354,-3.825156498724243,-2.866955966666879
VF0249,-0.836055076741341,-2.1024327028015146,-1.6008354084357403,-1.3507487849850681
VF0251,-1.1073841698122322,-1.52803405665884,-1.8804015339840505,-1.5850900593017987
VF0252,1.5890731273249195,4.792440307858337,5.40042665447638,3.652752153264756
VF0253,0.10332361542640792,-3.9309123207345604,-5.4240275977602685,-2.6035196531353657
VF0256,0.4418251177353082,-4.501176347461653,-4.506822992765986,-2.05311648594739
VF0257,0.7416488887958768,-2.3578873892501644,0.034130402419942474,0.2613986733638922
VF0258,0.6011313364481561,1.7088035530690988,1.8987348503063677,1.3110093267719447
VF0260,-0.07647900882584775,-4.7901855278448515,-5.402700811046153,-2.767928767438616
VF0261,0.7861575450254954,2.168648938536814,2.4286860191673494,1.685659108204076
VF0262,-0.37308141667467337,-0.21046162161825124,-1.3868294259277916,-0.8363506323360324
VF0264,0.5945994938949605,-3.53943106248261,-1.8047351376065777,-0.7158338378708978
VF0265,-0.5037398926725082,-1.8514946494627562,0.1847305016593619,-0.36220187001807824
VF0267,0.276532285799016,0.7461320561601869,1.499173568312687,0.8711468571722764
VF0268,1.7038589956098271,5.390562033906639,5.8923770418756956,3.980807051642448
VF0272,1.7038589956098271,5.390562033906639,5.8923770418756956,3.980807051642448
VF0273,-0.559679113368278,-1.7791565942530168,-1.4100283742317967,-1.0804931947212597
VF0274,1.663450499238947,1.5195554042639141,1.378760450252913,1.6925432654825872
VF0275,1.5985546644676645,4.805414834770713,5.41533927022445,3.6658004210813457
VF0279,0.7302797610714983,-0.3703743809045565,1.3838149358038514,0.9979635368271713
VF0284,-1.0950733176263925,-2.658462090568887,-1.7281515636538423,-1.6018412643798872
VF0285,0.6029344743228917,0.3469105139307166,-0.36719238667488147,0.22145636636902075
VF0286,1.0202409196452211,2.626850105030287,2.3871018245985214,1.8411523868582027
VF0287,0.9578481171368567,-0.36212763320910824,1.4279318150878484,1.1509857110123893
VF0289,0.010035628381204309,2.38881059385647,3.1764535892045958,1.5728984418828293
VF0291,0.2143635389412756,-3.3462601245225,-3.36312814844212,-1.5986227483543034
VF0292,-0.3954068188865941,-1.8757252491025425,-0.630366393401028,-0.6540283756657727
VF0293,1.9191471104394748,3.2039331425144604,2.5629969842888487,2.4896351499587563
VF0295,-2.0464948424389346,-0.371925482848746,1.3471926323329575,-0.6438472724648636
VF0296,-0.4090398742752361,1.3340941318703206,0.5512861954519455,0.10564048155040079
VF0297,1.5089385154725976,4.63424253226711,5.229069464008529,3.5189642460769037
VF0298,0.07267640162001428,0.1385863133294363,-2.0301146133726213,-0.8264322700894058
VF0299,-0.026951518718673628,0.21586901601028374,-1.82956596262367,-0.7916811376795124
VF0300,1.191795598575133,1.3670586553546757,-1.102736103001526,0.32857448589614296
VF0301,-2.126332902272686,0.2199497917859476,-1.412547181756942,-1.8397833268022026
VF0302,0.8469765238502703,-4.2259508115715425,-4.659711058381619,-1.8602708648935296
VF0303,-0.06920071720919527,-4.135669125082085,-5.664203668380544,-2.824938715941953
VF0304,-0.8703573855208547,0.4928659981052297,-1.3153709426159739,-1.0405629088974184
VF0306,0.8876362873703113,5.227911905247619,5.309556578216166,3.2373215221054807
VF0307,0.5887153130076763,-1.996342857297034,-2.588166681203475,-0.9360856087137724
VF0309,1.7038589956098271,5.390562033906639,5.8923770418756956,3.980807051642448
VF0311,0.546336299923787,4.097457903249535,2.625457444554833,1.7840287383757103
VF0315,-0.07572342949457352,-0.9109971548812723,-2.4382123267877813,-1.1737460026311726
VF0317,-0.4985898214513168,-0.5672641506560431,-1.6625839276764949,-1.0577636024640444
VF0319,-0.2522245898239247,0.7078225604752132,-1.4696304963356561,-0.728406411610258
VF0321,-0.6489809803551803,-1.1998860916672147,-0.23499732029672826,-0.5773311757757051
VF0322,-1.1516422512857925,0.8691109604017974,0.8695828890576336,-0.22818317492872053
VF0323,1.7038589956098271,5.390562033906639,5.8923770418756956,3.980807051642448
VF0325,-2.714096297878974,-2.8878280943425256,-0.9559671283091604,-2.233311810209847
VF0326,0.3854646806029673,1.7595514970606763,1.212538164703433,0.8913218997765877
VF0327,0.6906689554581412,4.31185076827706,4.73519761821215,2.8001258539893517
VF0332,-0.28006308221771825,0.4015138270417822,1.2769180088544658,0.42149107395970165
VF0334,-1.0615002036365637,-1.0749811866545778,-1.380047552966985,-1.3052789060872816
VF0335,1.5089385154725976,4.63424253226711,5.229069464008529,3.5189642460769037
VF0336,-0.3031332084848368,0.4116475085480753,-1.6481424997843521,-0.8591637184388642
VF0337,-1.8788348982373773,3.9919954297049602,4.170608123231071,1.0254801479960427
VF0344,-0.46094801606544217,-0.013642127399898271,0.4106470976433546,-0.09296539710773116
VF0346,0.9679257630230333,2.5600925964987136,3.411184186564859,2.2491279079571895
VF0347,0.6123448709412304,-2.0182380682502394,1.045385379616678,0.6510772940891127
VF0348,1.5781837241938437,3.3239312288017686,4.677261003229448,3.216038846020577
VF0350,0.14477080543990006,3.3241212898323145,2.9211079711564976,1.6155289041880274
VF0351,1.7388998089093148,1.7612873565247265,1.7288759449884352,1.9077233872641686
VF0352,-0.5908141345356973,-0.050307678696130224,-0.3602990706774757,-0.5061095678999892
VF0353,-1.0563299911151025,-1.801546869459996,-1.9630662134442878,-1.612796506085009
VF0354,1.5089385154725976,4.63424253226711,5.229069464008529,3.5189642460769037
VF0355,1.6455745173777112,3.0349166380234296,2.245089224882027,2.178200967528689
VF0356,0.1985031567963616,-1.9007342325927312,-0.319186170581639,-0.1733916924435388
VF0357,1.2550515577628474,-1.8261574710816004,-0.29060209994162767,0.46354674645834004
VF0358,-0.03432129665532895,-1.0759045238426928,0.16661484853448028,-0.0334887935409737
VF0359,-0.21040017747599948,-0.144732134249389,1.2897279779952728,0.4243630189122579
VF0360,0.5207767702973264,-1.503558223355414,-0.8424509078169771,-0.17991751225468888
VF0361,1.7038589956098271,5.390562033906639,5.8923770418756956,3.980807051642448
VF0362,0.36964152639047637,-2.1282528887932384,-0.35980808967399414,-0.10890361144478478
VF0365,-1.5789333745700875,-4.064118882242102,-5.863176752931752,-3.789450034583496
VF0366,-0.6146220754628378,0.8645487330303456,-1.281415288268104,-0.8465322761361311
VF0367,0.6453670406465686,5.290387158400427,5.273130576198195,3.084653626816676
VF0368,0.2572083190150268,-4.974123999702743,-6.005430011549247,-2.84846158363779
VF0369,-2.143657076439475,0.8601863761088476,-0.8638270510745444,-1.5611194682243905
VF0370,0.8649407865333949,1.5341341382412594,-0.17340148041411974,0.5533425859127532
VF0372,-1.8003478291008368,-2.8535750779729625,-5.4375356773882135,-3.638250522389775
VF0376,-0.2789983718787336,-2.2225158274055334,-2.6761666225791867,-1.5002797696221477
VF0377,-1.0414173365237627,-5.222312264563324,-3.4660511349543537,-2.5277936371128535
VF0382,-1.5561786275784963,-1.1143487645665624,-2.0791925281915975,-1.9011127847937273
VF0389,0.4437111378478358,0.38791666998417473,-0.43923808409643744,0.10026331605495062
VF0390,0.3604118501318653,1.5881842550136676,-1.9283909470022391,-0.4985117378686817
VF0391,1.1062551560001275,0.6307026819111616,0.5524457545160417,0.9373802375021751
VF0392,1.2118512908713588,5.206409159215271,5.440494125623605,3.4821982724861074
VF0394,0.7861575450254954,2.168648938536814,2.4286860191673494,1.685659108204076
VF0395,-0.4635765369531235,0.17141371272051822,-0.3949834079822073,-0.4290024002510541
VF0396,0.6011313364481561,1.7088035530690988,1.8987348503063677,1.3110093267719447
VF0397,-0.5021820781068546,-3.9147586127924248,-5.362116801375095,-2.9299230724169396
VF0398,-2.7810866410443875,-0.7311776036390133,0.41642842078066966,-1.5060091116740189
VF0400,-0.9918205245600241,-1.6360550323622647,-1.4401090033900164,-1.3351653649445998
VF0401,-0.8603755013585984,-4.605789544734692,-5.4807562163876264,-3.2460648870375324
VF0403,0.5726352000490206,-1.6687952228618779,-2.1631444047561224,-0.7351967859656026
VF0404,-0.6239287103395295,-3.596198027960192,-5.245903548620036,-2.9254799334646178
VF0406,0.6940489153788693,3.8435919985912843,4.700634399514682,2.7498595892586493
VF0408,-1.3034272823813553,-1.2783117163719073,-1.48329912737688,-1.5078660960303645
VF0409,-1.1814612061124448,-1.707802873172593,-1.5361160165452583,-1.4935272931202923
VF0410,0.0027880204386544955,-3.77711125358382,-3.3941840909847207,-1.7702491505363676
VF0412,-1.9501357562090063,-2.274910232496909,-4.4565818627328335,-3.2546800147806887
VF0418,-1.0505428302441155,-2.3165941263323853,-1.504695447031167,-1.4516999081621609
VF0422,1.929104449586589,3.26678509430054,2.5314993572370614,2.486813230385551
VF0428,0.13176923916694316,-1.6361979471224,-3.4761587554011877,-1.5598962295558088
VF0429,0.09594159199157697,2.3036674079378243,0.5098581986920341,0.46050700436282765
VF0430,-0.5711581780162601,-1.8805324257039648,-2.8744744318142326,-1.7300886925418575
VF0431,-1.486720040982015,-1.2487838446971347,0.6667412856629238,-0.6808366831317154
VF0432,-0.17683027888981556,0.8795716397761455,0.5063479114691676,0.18595058042353924
VF0434,-0.6636052717566066,-3.0578789732987204,-4.321064294362026,-2.504973911084595
VF0436,-0.6641305443729644,3.5653766256290673,5.128346610649563,2.1179050153371803
VF0439,-0.20286118545216722,-2.5694319135977355,-3.180008878884915,-1.7017130717577358
VF0441,-0.3884303260277224,3.4443910700579083,4.451138093710265,1.9761448962312405
VF0442,1.264354648293542,0.46636076684835276,-1.873189314665054,-0.03459269156883815
VF0444,1.2118512908712231,5.206409159215556,5.440494125623856,3.482198272486279
VF0445,0.04522572979160485,-1.3623329260776815,-1.1374506214733549,-0.5749924710763765
VF0446,-0.7244642878459248,-2.4478645335024845,-1.8689220261323412,-1.429110532155994
VF0449,0.007387371835301095,5.01646191639916,5.1463640174188825,2.6343650972139514
VF0450,0.7987117597630496,-0.47621561422365377,-0.1950251934599454,0.3452134566490718
VF0451,0.2879173180953136,0.8469747223937193,2.0217039353250446,1.1123437963315679
VF0454,-0.173917742003569,3.4444344397418982,3.9777696176739687,1.8965508060894534
VF0455,1.0372682734824807,3.344410365745244,4.12633988063943,2.6621474426124787
VF0456,1.2328668250730586,3.648799583250834,4.726450292149509,3.0610291678627664
VF0457,0.9413082175166281,4.136133274881017,3.8553462062189907,2.551495497527351
VF0460,1.3132221921974445,1.9090388777107936,0.5414861149062429,1.1555360954017964
VF0462,0.4178013359142989,-2.0744892520682785,-0.02417704510783336,0.06906166665567814
VF0463,-1.0073100315437198,-2.6051121681876195,-0.5834203234150368,-1.0499926288116812
VF0465,1.7038589956098271,5.390562033906639,5.8923770418756956,3.980807051642448
VF0466,-0.7674557124726419,-1.3343184512424722,-2.4875025543600766,-1.6338110465164883
VF0467,0.5292980480133915,-0.20368629089180307,1.310573492417239,0.8618039003029148
VF0468,1.1084731057655066,3.7355858954889136,3.93921868778993,2.653853680953615
VF0469,-0.1495699770897116,-1.793724511139965,0.5892720920918735,0.02512364965471553
VF0472,0.1652008632244089,-2.581898042761128,-2.1617412045857125,-1.0458052396724908
VF0473,1.7038589956098271,5.390562033906639,5.8923770418756956,3.980807051642448
VF0474,-1.3349928038698997,-3.3272452560834544,-1.343766919701838,-1.628912227671878
VF0475,0.1174435397446871,-4.300246607328132,-4.945408052937206,-2.4171713062539557
VF0477,-0.9142708713237621,1.5770600542039537,4.117377279230565,1.3749874725697881
VF0478,-1.9595746876194775,-1.883995750136687,0.5259073392756748,-1.0692920328685671
VF0479,-1.973986506303119,-0.4971258165476569,-0.5982818402398574,-1.4546796327035683
VF0480,-1.567912317584795,-2.009753479642277,-3.463333916613941,-2.579233672979028
VF0482,-0.3053019987887029,-0.9874112887440203,-0.1244791440884846,-0.3112902502705558
VF0486,0.7861575450254954,2.168648938536814,2.4286860191673494,1.685659108204076
VF0487,-1.8599124387530053,-2.928350747849062,-2.7807208856692633,-2.5274017293021847
VF0488,-2.01188664778156,-1.684016856535561,-2.014721948759777,-2.185317625384204
VF0489,0.7189897901371439,5.029206896811407,4.865642702423691,2.930338385859039
VF0491,-1.266629702618118,-1.864257754431871,-2.533928642764771,-1.9883752937462602
VF0492,-2.0935177543238486,-1.60821786818593,-2.392325971215339,-2.390764648273177
VF0493,0.9227019075486617,-0.8451185439641614,-0.7139589005338197,0.16350676147469678
VF0494,1.408552908824297,4.881676945394119,5.137224824249287,3.440065499158795
VF0499,0.5609896859619423,-3.237614073540869,-5.172328211351575,-2.171277028299638
VF0504,1.4602437899114036,4.996311938313719,5.269696309509944,3.5368767262324337
VF0512,0.7861575450254954,2.168648938536814,2.4286860191673494,1.685659108204076
VF0513,1.5985546644676645,4.805414834770713,5.41533927022445,3.6658004210813457
VF0515,0.4148680823497068,-4.728039278554897,-6.111106182278842,-2.782376848956268
VF0519,0.36975728638231764,-0.6728243909342799,-0.4964047996361188,-0.05222852877471462
VF0521,0.5916184483967368,-5.823484246078087,-6.615984902641971,-2.984915985674762
VF0524,-0.6076958800751137,-1.70171620393437,-3.3031493171033093,-1.9230736793627785
VF0525,-1.0361260995815793,0.6811749280033074,-1.240985119876588,-1.0903912847884685
VF0529,1.111612627063735,4.479837553802703,4.958610937921204,3.156803039784025
VF0530,-0.9635724092529447,2.3399893512194208,4.650255147323827,1.6378247281086944
VF0538,1.2703348752692465,-0.2465916576748515,2.3259964845060974,1.732434534484314
VF0539,-0.5279648658077984,-0.3902577752623839,-0.39367059616628164,-0.5108292794324457
VF0542,1.7038589956098271,5.390562033906639,5.8923770418756956,3.980807051642448
VF0543,1.7038589956098271,5.390562033906639,5.8923770418756956,3.980807051642448
VF0544,-0.3692461956616418,-3.7754574960185776,-4.706132202915734,-2.556647550252246
VF0550,1.7038589956098271,5.390562033906639,5.8923770418756956,3.980807051642448
VF0551,0.5397138587396477,-1.5006939602471108,-0.8168357958471785,-0.1574982185024929
VF0552,1.44479836149086,4.529103730538351,3.814525326893412,2.8598674837022844
VF0553,0.7861575450254954,2.168648938536814,2.4286860191673494,1.685659108204076
VF0554,0.07859253899544456,0.6120119354541315,0.1742589010508983,0.17025618552244015
VF0555,0.46734326231485357,-0.3166928960303891,-0.862781171933239,-0.12556817256010533
VF0557,0.24334756901700985,-0.5435541580347829,1.0812118508512125,0.5679094361876711
VF0558,1.7038589956098271,5.390562033906639,5.8923770418756956,3.980807051642448
VF0559,1.621487472655278,4.0579704698104075,5.065541105608162,3.4681177066332416
VF0560,1.7038589956098271,5.390562033906639,5.8923770418756956,3.980807051642448
VF0561,-0.25872591053650884,1.908144427310946,2.5190578531073595,1.0923198369088192
VF0562,0.46661828244803294,-1.5817423366391425,-0.866405528750773,-0.2282330394434694
VF0563,-0.7237268708626455,0.35843108896294745,-1.4416751850598892,-1.0201584375026198
VF0564,-0.301933863171456,-4.056722469928772,-4.83032532848899,-2.593453408201183
VF0565,-0.9830323215717814,-0.9709003592096661,-0.004496959848550031,-0.6547802929732458
VF0566,-0.7660225865565895,-0.9232857415350518,-0.9584853431894994,-0.9374655391210753
VF0567,0.7861575450254954,2.168648938536814,2.4286860191673494,1.685659108204076
VF0568,1.4602437899114036,4.996311938313719,5.269696309509944,3.5368767262324337
VF0569,0.6306946520183138,-3.122745117262376,-5.143948327642963,-2.1090214338879165
VF0571,0.7126855604280256,-4.7080932603496075,-4.158859509310934,-1.760157531779256
VF0572,0.6453670406463358,5.290387158400539,5.273130576198409,3.0846536268168485
VF0573,1.1474621673735537,4.6673619495748655,3.912570429123358,2.739278742150741
VF0575,-0.4091202355581686,-3.1490625254131306,-3.504832174723231,-2.0094082447057358
VF0580,-0.06998627160842692,1.940828420760758,1.8749624844453798,0.926226446084162
VF0581,-0.9074184291166884,0.1163112057934096,1.8190199484780127,0.2664664359992508
VF0583,0.7421445132806717,-0.2802289026166889,1.6281949140603944,1.1180176284835612
VF0584,0.4668236730194789,-3.225041334931969,-0.04902324240297018,-0.0045637850280042525
VF0586,0.07996969073264926,-2.00388951390367,-2.5640907557250485,-1.224122279668331
VF0587,-0.9987755902807529,-4.533166187794361,-6.123501694033079,-3.599936445171515
VF0592,-0.5737712920636256,-3.377272834368115,-4.074675433945096,-2.370987786018551
VF0593,0.48852755509565055,-1.6594134746715548,1.685579392894371,0.8846470237332039
VF0594,0.4476529966476206,-2.5380517199053694,-0.4094167858436406,-0.11734265272144995
VF0595,0.798044125685045,4.435173498929853,4.850527754242201,2.922801374602353
VF0602,-0.0890098051068345,-4.684888055475806,-3.8619159598098243,-2.098987766412762
VF0607,1.5089385154725976,4.63424253226711,5.229069464008529,3.5189642460769037
VF0609,-0.803534434688385,-4.099110837332127,-3.8579037189482164,-2.468990891312347
VF0613,-0.824918232601901,-0.6946870649808962,-2.913124671325862,-1.8010538259930737
VF0615,0.12347860836589468,-0.2536790822440912,-1.1428028008307123,-0.44327141075417154
VF0619,1.140046573156813,2.524479921689727,4.179136160214066,2.6799627327754965
VF0621,-1.6871277211261568,-1.736179725728077,-2.857256536656572,-2.3645424018317316
VF0622,-1.6001859192462011,-2.8086352915747854,-4.2758001235286605,-3.013890290525647
VF0624,-0.04368703842368083,1.7840916613697602,1.372279714867223,0.7112494117485736
VF0625,0.6891008556651805,-2.0249203339005506,0.1865649049791429,0.3232054576349471
VF0626,-0.177766802555672,-2.2379160778020997,-2.337078683439525,-1.2952461565228446
VF0628,0.8210917790705071,3.6075363049390434,4.000992829742654,2.502178763581417
VF0629,-0.9394626038031156,-2.1350680976630163,-0.02875721617313598,-0.7324277792225048
VF0631,0.5586295558927242,-0.18023088562593623,-0.2657216588025627,0.19755261199250698
VF0635,-0.5273590488263852,-1.8343544910453575,-2.4962099911397577,-1.536799559834148
VF0636,0.5773149049864004,1.8436353868597721,-0.10579716198241429,0.43887088620395875
VF0638,-0.04126461745249428,-0.5732830977636464,0.4186413986477331,0.11169147967636854
VF0641,0.23131974151175616,0.028246922634535675,-0.5699552487276827,-0.1093774483269532
VF0643,1.1840878354199376,-0.8535413591441126,-4.4302348819630595,-1.295050209137536
VF0646,0.641596339603582,-0.20726276145515377,1.7479558410138718,1.1168666320926026
VF0647,1.1245294342075112,3.8096460583534,4.087721570141183,2.7335211811305435
VF0650,-0.07177765617953637,-0.9646058403863468,1.883809032277075,0.6978055700465522
VF0655,1.0183652607160854,-0.37571279070580216,0.26103979331717664,0.6795139778148492
VF0659,1.7038589956098271,5.390562033906639,5.8923770418756956,3.980807051642448
VF0660,0.39037187745738755,-1.6607945102356567,0.25120055739422864,0.20529287576043703
VF0661,-1.281775169436926,-0.737713620987019,-1.8705320442538973,-1.620026829327324
VF0664,-0.6618115475798647,-3.5347732595232153,-3.7359029470012524,-2.2882182644950904
VF0666,1.7990031515664715,1.9338640705030328,1.399319025410573,1.8137911845345087
VF0667,-0.9278306679234612,-3.7495155098173973,-4.5037362429457986,-2.7939020577348876
VF0668,-0.9195729340061407,-1.271087663593996,-2.2847435224348605,-1.6299526643606195
VF0669,-1.0007261321163317,-2.663149370284976,-2.696124593266448,-1.9665700155071606
VF0670,-0.28373962983603584,-3.226607538489354,-4.468047513575819,-2.3597022728016044
VF0672,-1.0784293672280743,-1.400204962411411,-3.35395379953142,-2.1967191993544555
VF0676,1.2513894912363086,4.18098843029266,4.473006146643877,3.0043616254578263
VF0679,-1.5743765024309142,-1.300133191766327,-0.21445780344102228,-1.118227805894819
VF0681,0.0897866186387076,-1.885015211737923,0.16748029459707126,-0.02483487051036143
VF0682,-1.1582362442057963,-0.8880237286583151,0.46143551043997444,-0.5487956284444585
VF0684,0.2685019111225983,1.2671129299792623,1.227770425697225,0.7902556489896317
VF0685,-1.4149449305968491,1.9876967031221602,2.5007389562146862,0.41373878641832773
VF0688,-0.04499316854350354,-3.0728699812922105,-2.1225770938790216,-1.190968083223922
VF0689,-1.0192662902487224,0.3230573169856337,-0.9690221266744681,-0.9911274947649272
VF0692,-0.30340202741084665,-1.3258360399385813,0.5311135990553488,-0.052922793320749444
VF0694,-0.32122031897193065,-2.4552022909920703,-2.1374165801277543,-1.3099804004937117
VF0695,1.0306173189230652,4.584155418636033,3.8118764551631923,2.6205955047242924
VF0696,1.7038589956098271,5.390562033906639,5.8923770418756956,3.980807051642448
VF0698,0.026584633567220826,-2.2859459610577937,-2.097351532234955,-1.0755028969581606
VF0700,-1.7136648302411819,4.666525920140069,4.600313044489053,1.3621334711171018
VF0701,-0.4188110530817163,0.3416822498039791,-0.04516284219179051,-0.23760249424628804
VF0702,0.9464554186368916,1.1436588170561506,1.2729310587733593,1.1969521241542345
VF0703,1.0084754657377946,1.4630087578319895,-0.3910735838346395,0.537366351126209
VF0704,-2.029964849784975,-1.1816968394304215,-0.6229268936467208,-1.5526146546782482
VF0711,1.7038589956098271,5.390562033906639,5.8923770418756956,3.980807051642448
VF0713,0.75166662509245,3.6485039193850906,4.692526584882827,2.7645558164276935
VF0720,-1.1549699025973605,0.4667909617900388,-1.258875415447719,-1.1847899817870502
VF0721,-2.267308817632415,0.31511022294234176,0.9988979684195898,-0.8694407950035591
VF0723,0.7861575450254954,2.168648938536814,2.4286860191673494,1.685659108204076
VF0724,0.4928770447461504,-1.0236530108905255,1.1178875800930517,0.6917030888341323
VF0725,0.7180737385240794,-4.730855132090699,-5.087545094533863,-2.1613801582860512
VF0726,-1.0115761329952457,-2.306918791781794,-1.5428887498928407,-1.444670828338068
VF0729,-0.17815307697086427,0.39463452940616317,-1.543339918324358,-0.741911449012574
VF0730,-0.6922840359950063,-2.5365401607515827,-1.4644242211716243,-1.2419839651715596
VF0731,1.3112035053900077,-0.3229669454652802,-2.230399150934239,-0.22481823979652937
VF0732,0.7530216951072274,-0.2890120178000859,1.6183292178208308,1.1194107473205754
VF0735,-1.5238614576750271,-3.4606462789214074,-1.4919836941804292,-1.8143601859679144
VF0738,-0.7751697024551177,-1.8202413092109868,0.5167444016624163,-0.37471682850386834
VF0739,-0.16521149529214588,0.28889591570141104,-1.5609869375365228,-0.7503981227483236
VF0740,-0.21233155326757344,0.6278615787360635,0.039788691907594265,-0.05710980169501215
VF0741,-0.09470942517944957,-1.146288915751907,0.33945320721804695,4.7458984937781556e-4
VF0742,-0.9161350508230865,-3.0122413051983683,-0.4046822652089692,-0.9515283157329639
VF0744,-1.554652573890031,-1.722995419851171,-0.18992558198896226,-1.1296954184002972
VF0745,-0.7966719136509385,-1.1205316839890682,0.23584228421514553,-0.45339069616683564
VF0746,-1.1522928778902748,-1.3865104946813023,-1.377327676617349,-1.3820500427926419
VF0747,-0.10825611051623818,-0.6749734937721292,-1.6014281703039135,-0.8112831554362708
VF0748,1.5493249314899877,3.4572372343684155,3.1467222664884145,2.5462929956877445
VF0749,0.28004755310741064,0.4536962814577024,-2.1975337984037058e-5,0.20006336455968743
VF0750,0.6618588148157944,1.131761015610116,0.9497485253852599,0.8892799271867992
VF0751,0.8912736241315982,0.2988061027761414,-0.16464849034763107,0.4742506531393821
VF0753,-0.9476888461800361,-3.1240736425694937,-2.2164297085199047,-1.7642577538096567
VF0754,-0.3735597539675461,-3.4044160507525025,-3.609784572291472,-2.054402510578171
VF0755,0.6092283940488592,-1.5351211142280003,1.2125974978187992,0.7601807734134246
VF0758,0.887636287370873,5.2279119052468195,5.309556578215383,3.2373215221049345
VF0780,-1.6632687315260735,-2.1904528383845085,-4.5682161732791124,-3.1283885328242222
VF0783,0.6959607901782482,4.512442402784151,4.984108204502488,2.9270844165571672
VF0784,0.4374789980479946,-2.6695036684270037,-2.553717034928316,-1.06327021333581
VF0785,-0.34560900225066404,-1.9870551918177422,-1.3621900154545075,-0.9509613883737822
VF0786,1.6189827001250339,4.9281505066141476,5.508451026160875,3.727890127973928
VF0787,0.10662681436182078,-1.6845014063407244,1.153332223906758,0.42832802063902714
VF0788,0.4300900589059233,-3.2577148671130374,-3.005363145408403,-1.3101840622022993
VF0789,-0.4331443483961404,-4.879198734834104,-5.659304174450376,-3.095073430770032
VF0790,1.012405256833146,-0.33847378116623256,0.39236601537596616,0.735914970214586
VF0791,0.5570887028814063,-1.8208344735535236,-0.20861101241912916,0.09085181226381234
VF0792,0.725126017575908,-0.2558561488715736,1.6445138195602613,1.117066662257509
VF0793,-0.4247098001832217,-1.3039296135669989,0.18302713602188958,-0.27309403248797626
VF0795,0.6613999846535811,-2.705590582749781,-0.019334239958426647,0.16356749958675465
VF0796,-0.9311632488145937,-1.733950120938943,-3.1483422976406725,-2.0479245175480063
VF0798,1.7038589956098271,5.390562033906639,5.8923770418756956,3.980807051642448
VF0799,-0.7073825689890707,-0.4845977326407116,-1.2302660570579507,-0.986033291527316
VF0800,-1.0332526336530619,1.5643347184090495,-0.1483958911182246,-0.5448143745530295
VF0802,0.13527796330161662,-2.660903662610933,-0.6274343280437615,-0.4045218068102328
VF0803,0.3152250008975851,-2.75292604397026,-4.087914656666968,-1.8065320455631508
VF0805,0.39533765622122136,-1.7953119622331328,0.8698204669303786,0.46565481822501276
VF0807,0.5616351934758165,1.625280632762314,0.8438690384229994,0.8239750184767811
VF0808,0.9122376943422699,4.791936887918459,4.00987012823389,2.653644659196777
VF0809,1.1474621673728986,4.66736194957569,3.9125704291241203,2.7392787421513227
VF0811,-0.3080912436024542,-1.8375653191571284,0.7285140909684145,-0.01082136434855635
VF0812,1.1776003785010232,0.3307346673457485,1.2453476372688754,1.255641190211834
VF0813,1.4250515138837658,3.316970191166274,1.9290407105973253,1.934528438961947
VF0814,1.7541599844500928,3.2866173525544227,0.2719314094909211,1.4064845417868428
VF0815,0.2977200728933989,2.0866148671400055,3.46149449424647,1.8408502342836386
VF0816,1.626016291372561,3.1763559921186357,1.4765264473651663,1.844848768441739
VF0817,-0.20235325381282854,-2.3917359224052492,-1.930848591365533,-1.145789810105519
VF0818,-0.56187648888258,-0.687616113713744,-1.604795733657518,-1.0793454922273606
VF0819,1.4953254999518975,3.549169414411572,2.7872144163975934,2.366152581664099
VF0821,0.5632414342639613,-4.88350455737756,-4.510566150815262,-2.0140740134866553
VF0822,-0.48137264171477534,0.550138858782481,-1.0614421547336073,-0.6981802949927913
VF0823,-0.3998552757877796,1.0468441576436918,-0.9089628290116785,-0.5448284083332215
VF0826,0.7861575450254954,2.168648938536814,2.4286860191673494,1.685659108204076
VF0827,0.7180621315110433,0.9891842955665225,1.9126335338629037,1.3282321506832393
VF0833,0.950083971971713,-1.0664605912796112,0.19572976726607116,0.5562565726390225
VF0836,-1.0187337530272982,1.0671449503265484,-0.20736921459803548,-0.6014422886996907
VF0838,0.2838158217808241,5.10875919366899,4.678034254860898,2.6005484898186575
VF0840,1.7038589956098271,5.390562033906639,5.8923770418756956,3.980807051642448
VF0841,0.03742995093928434,5.556585108013063,5.34129633737362,2.779435876652721
VF0842,1.7038589956098271,5.390562033906639,5.8923770418756956,3.980807051642448
VF0846,0.6924062078534023,-0.4613500876649511,0.35718348992541354,0.523525204847211
VF0847,1.211851290871779,5.206409159214944,5.440494125623218,3.482198272485824
VF0848,-0.9727974916229621,-1.3743282210735355,-1.0803400989909675,-1.1472473555459834
VF0849,1.7038589956098271,5.390562033906639,5.8923770418756956,3.980807051642448
VF0850,0.17341769307575064,-0.9062636849875676,-3.2686612660501795,-1.3874787574090715
VF0851,-0.10105967541093695,1.6718007004540596,1.2726819143635277,0.6255480923729748
VF0852,0.3988861087070679,3.607562232952606,4.578020492420518,2.5051073809647355
VF0855,-2.2203104896857573,3.1793967537145247,3.776578918113379,0.5900768394663938
VF0857,0.33184930885449,3.492749193184174,4.661106324206051,2.4927365525194167
VF0858,1.7038589956098271,5.390562033906639,5.8923770418756956,3.980807051642448
VF0859,2.239003841592322,1.7092767793251618,-0.29370877812534224,1.3196485161202127
VF0867,0.723674570594283,-0.2600911092324136,1.554885508709735,1.0770277985011736
VF0877,1.7038589956098271,5.390562033906639,5.8923770418756956,3.980807051642448
VF0878,0.2603748939353932,1.9675637119427165,4.407898162170681,2.2197572291239966
VF0879,1.1288006487060178,4.641603083337184,5.050906403558909,3.219747754109354
VF0881,0.43511108182549135,-1.8509080435674612,0.9112904750801729,0.5024945196535185
VF0882,-0.246923127154864,0.36106376967829945,1.207622744441697,0.4076376662757716
VF0885,1.0908904171850347,3.4217460931528425,2.464463025407449,1.9793081624455962
VF0887,0.7548113383304943,-5.239327827123774,-5.947976032486256,-2.5533121793379974
VF0894,-0.6868015998598173,0.07492577122974525,-0.7128964134934465,-0.7051885493560641
VF0895,0.9504290958674169,2.403505940725635,2.8988021668291926,2.004315722578373
VF0899,0.00924407290417932,-1.8235617077052904,-0.5763174537414675,-0.3895235593827633
VF0906,0.6655855212924195,1.810131904064353,2.03400810038569,1.4154491178562971
VF0907,0.00518354739210044,4.220116305927089,4.081043632416558,2.107909191350055
VF0908,-0.09641374470085128,0.08842499256896721,0.05150196723730464,-0.027088952187945353
VF0909,1.4262111717075898,4.8939220203610585,5.162340666243937,3.462266112598955
VF0911,-0.07679483144534406,1.7899110327218444,1.2285154570002543,0.6300089118240156
VF0912,-0.02276323202211969,-3.139862101212259,-0.9596927745992527,-0.6791969960568631
VF0915,-0.8457897182332088,-0.6649915870135191,-2.7702455919912303,-1.7489759327362524
VF0916,-0.3518089754624402,-2.5233023951551754,-4.186734982598082,-2.221646773424081
VF0917,2.124298065672574,3.576830057896417,1.616950946005327,2.2293344941058653
VF0918,-1.33287703879115,-1.381705846983782,-4.130233691737271,-2.680728556036626
VF0920,-0.30422628302596677,-2.577731347585825,-2.109920219344645,-1.297861759187898
VF0921,-1.5961572507948407,-0.8650726935673029,-0.9623719572971228,-1.4205649492487142
VF0922,-0.19163312381571893,-1.9308704213699894,-1.647565919797147,-0.9800414585108941
VF0923,1.0736861985989448,-0.6577364439934079,0.22664340155168194,0.6745517746150291
VF0924,0.6655855212924195,1.810131904064353,2.03400810038569,1.4154491178562971
VF0925,-1.199596612151931,-0.5652400902487311,-1.584801685091825,-1.4343277413947826
VF0927,0.6655855212924195,1.810131904064353,2.03400810038569,1.4154491178562971
VF0928,0.846608884644618,-1.3730017745771594,-2.9579278643207214,-0.8957679402005526
VF0931,-0.5109532623024575,-1.2316458288673897,0.8377253060540282,-0.0340395746304691
VF0933,0.7861575450254954,2.168648938536814,2.4286860191673494,1.685659108204076
VF0934,0.0066413754225901275,0.9986132780705468,0.7691046354606891,0.4167466042060906
VF0936,-0.5687778047473278,-0.15006562495126086,-1.6988674036000335,-1.0813875204586112
VF0937,0.13073941937577493,0.21660731041724887,-1.2932165264413127,-0.46679728019464134
VF0938,-0.11939819599515637,0.7814435546046458,-1.3113433020935004,-0.5761632326443165
VF0939,-0.3032207522303326,0.24219811092246069,-0.2622461945217457,-0.2719417754150265
VF0940,-0.7751863768349923,0.13369176132857688,1.00072063952563,-0.00944399885938968
VF0941,-0.3622952469369523,-2.9655036521635276,-1.2745784287772075,-1.0006157819658912
VF0943,-0.6477256764010312,-1.4608299763240167,1.1121366139750213,-0.013406571001355366
VF0944,-0.88787662306209,-0.9783086266974901,-3.942075078341129,-2.306514899958392
VF0945,-2.248913238577266,2.6993079736190677,2.1318141913792674,-0.17784605524940833
VF0946,-1.0053665125247928,-2.2956201824244977,-0.9396228886202644,-1.178632617465129
VF0950,0.7861575450254954,2.168648938536814,2.4286860191673494,1.685659108204076
VF0953,-1.3508057792654877,-0.8340639698935844,-1.2004738512679,-1.377655385763605
VF0954,0.6655855212924195,1.810131904064353,2.03400810038569,1.4154491178562971
VF0955,-0.71765949253155,0.4048385227136315,-0.25314209217526296,-0.4977083375479072
VF0956,-0.9215378263182264,-2.1466821126866193,-1.6475373470945067,-1.4245648495015975
VF0958,0.6655855212924195,1.810131904064353,2.03400810038569,1.4154491178562971
VF0959,-1.348118537575745,-1.568032753700374,-1.5261334119442571,-1.5756560188726332
VF0960,-1.8611142760498844,-1.7926371998716946,-1.7802910433810673,-2.0040625599186166
VF0961,-0.5161699518524134,-1.7710967301014535,-1.3061429634674828,-1.0093448397793443
VF0964,0.5247662783394716,-0.940712743740189,-0.08555153870590249,0.1953084271571966
VF0965,-1.010527093175516,0.4170884293546447,-0.43744341243069357,-0.7480994755942056
VF0966,-1.535156823474602,-4.677783233628652,-3.7823255481126266,-2.910646297424418
VF0967,0.28474952790477354,-3.758301742978174,-3.602513693420741,-1.693969373577957
VF0969,0.7126855604280256,-4.7080932603496075,-4.158859509310934,-1.760157531779256
VF0972,-1.8457000744022465,-1.2160456740048442,-2.6483112608027115,-2.3254227560430314
VF0973,0.7861575450254954,2.168648938536814,2.4286860191673494,1.685659108204076
VF0975,-0.4932831494524252,-2.496738209995948,-3.6113641015968936,-2.0529551060108497
VF0979,-2.6203448792089588,-2.0700371718603163,1.3755342039140968,-1.1026844770319058
VF0980,0.7861575450254954,2.168648938536814,2.4286860191673494,1.685659108204076
VF0981,0.7861575450254954,2.168648938536814,2.4286860191673494,1.685659108204076
VF0983,-0.4905302595706814,-0.3961287697588846,-2.6990098292527858,-1.4886955010916643
VF0984,0.85974338003207,-0.9047983024310235,0.38797211184105307,0.5995595645370003
VF0985,0.28406105198352855,-1.761841148056778,-0.1939684878366683,-0.05796517561846687
VF0993,-1.6527260516846272,-0.5999139747672185,0.7266901781139643,-0.7004118822748433
VF0997,-1.0403750620010328,-1.6634739347984728,-0.5891645554930662,-0.9969092478352815
VF0999,-0.12887557099513694,-3.346087563646667,-1.911267214419486,-1.170225007400349
VF1000,0.5673911238393989,-1.5569551106104693,-0.41633715246978764,0.027837736643628097
VF1012,-0.4043672023432434,-1.5604617786517254,-1.5905618501116,-1.0504118551033619
VF1013,-0.0331570696204518,-2.1420986885415703,-1.8976131811762353,-1.0124524438180285
VF1014,1.7038589956098271,5.390562033906639,5.8923770418756956,3.980807051642448
VF1023,-0.48153549575336546,1.8089290929015196,0.40791173336719555,0.03883024882104902
VF1025,0.19921805091874834,-5.467770330969177,-6.6909142016031735,-3.2188414817009
VF1026,-1.7280126590883438,-0.36680855954153174,-1.5885796338959794,-1.7295644022784358
VF1028,-1.1257845702195803,-1.7544350043947334,-1.5390204943556727,-1.4658982992522132
VF1029,0.6170786522171275,-3.0399142098594547,-5.784366489173159,-2.388010287454839
VF1030,-0.26234877754910224,-2.6181388203209406,-4.217773369608964,-2.1902688138738764
VF1031,-0.19199375432462637,0.21232597696450806,0.006290079843400631,-0.09279012954773433
VF1036,-0.17283586206276672,0.6725653638519974,0.3379507045784348,0.09881958770464858
VF1039,1.4626538379404126,4.522557253869619,5.090753884484398,3.4230198081520116
VF1042,0.9759798108893425,3.3617715527955765,3.6856863353084304,2.4366301196319964
VF1045,-1.4804556341240018,-2.8846116860044746,-3.4560329022285114,-2.594481517111187
VF1046,-0.39489321436235153,-1.7028768885265897,-2.307585346558016,-1.3670127525739784
VF1047,0.9135591123508177,4.293712907434536,4.916509044836263,3.0077803204876616
VF1048,1.912283644822474,2.969595076063897,1.853199214679918,2.159285826709629
VF1051,-1.0324373511420666,-1.0449431460225267,-0.1009545428080657,-0.7314116383988161
VF1053,-2.0854788280384224,-2.9681214394979842,-1.4235507895927058,-2.0743312605301503
VF1054,0.4160281805095718,-1.6258962256788188,-1.824855928317294,-0.6768359223439498
VF1055,0.3604074018756563,-2.8354690570189454,0.6254595902866549,0.256504641731358
VF1056,0.6765529421279577,4.05870847554383,4.801876024049403,2.8006201930717722
VF1058,-2.3282684905720727,-1.6743518548103524,-1.8244447177383214,-2.287310047837984
VF1059,-0.27299973625677254,-1.8923602780812323,0.6380415743900016,-0.03385356319982723
VF1060,1.2327495900028524,1.8958759546209136,3.300263723602675,2.3032449410413958
VF1061,-2.234102900158143,-2.314633978704063,0.32667620390999685,-1.350661027239788
VF1062,-1.685023143294899,-2.2576553314521592,-2.2582780182716875,-2.145162953872742
VF1066,0.6673234542706035,3.2596095144712103,3.044014216782389,1.9696291701204853
VF1070,0.8485581842754941,3.5114081229625307,3.848772892157683,2.4446266118794178
VF1073,0.49083824666173076,-0.7463616895031949,0.8355806570046463,0.5902012345357236
VF1086,-0.37064912227407654,0.37079731928516746,1.1884751178837265,0.3276700815768986
VF1089,-0.5008404151008534,-2.4097768718568897,-1.049216955479714,-0.9398216816502956
VF1091,-0.71980662719466,-2.034102792760475,-2.551570887051824,-1.6893716211220915
VF1092,0.11011952939291274,-1.2939722982482733,-4.1829411099835685,-1.8517144134147188
VF1106,-0.9588205470818599,-1.632966157820278,-0.5807029607816463,-0.9430631054262513
VF1109,-0.29373534047199606,-3.245665943718929,-3.507823479409682,-1.9508340533200537
VF1110,-1.0721783356733212,-2.7473801369732014,-0.4924216766134535,-1.0598485430068811
VF1115,-0.5675446039137454,-2.0323696462285303,0.2526583844916548,-0.38450799363905236
VF1116,0.20576044787783,-1.2230028753685518,-0.13412029257845748,-0.03498819207986292
VF1117,0.8031097790264022,4.770449195007437,4.567781525499417,2.829883018253634
VF1119,-0.6868015998598209,0.07492577122975058,-0.712896413493441,-0.7051885493560615
VF1120,-0.5170538423618878,-2.520694536243928,-4.061378142110504,-2.26385114951382
VF1122,-0.2449679928206957,-4.89185723094037,-5.833176890806941,-3.0612730159442947
VF1125,-0.8442667143976881,-4.128913345857654,-5.190610535225863,-3.072912393107937
VF1126,-0.6445192934725715,-2.0312056444543733,-3.7575961456258753,-2.167847184962676
VF1127,0.09155035595175237,-3.169191048182593,-4.686452456270919,-2.2300735186662646
VF1128,0.26850191112258875,1.2671129299792778,1.2277704256972382,0.7902556489896418
VF1131,-0.5892242814356212,-3.5313831068923367,-4.599400320585993,-2.619756704905845
VF1132,-0.37370314181291386,-2.8240613969049733,-1.7570077786076577,-1.2051627450410043
VF1137,-0.419569074329924,-4.5923968548296665,-5.578522300127408,-3.029284835606446
VF1138,0.9373128487846216,-4.395715081043087,-5.274009741731087,-2.087173829608041
VF1141,0.4364887829903732,-2.3061132445185373,-3.7963079973996177,-1.5735699540430605
VF1146,-0.4937540549114606,-1.957121483261415,-0.009076948071057078,-0.4487721708259766
VF1148,-0.575132613763262,0.2825199486452879,-1.7699422931486897,-1.0814937671860916
VF1149,-0.3520033877826251,-3.196859536681336,-3.50610865325374,-1.980322995054066
VF1150,-0.15782162551014725,-3.200779220597432,-5.196693312218622,-2.599774404334404
VF1151,-0.3520033877826251,-3.196859536681336,-3.50610865325374,-1.980322995054066
VF1154,0.9610501920292571,0.24289819399159857,-0.4928821712278424,0.36837355348229023
VF1157,0.03798200297150356,-0.34708691316777956,-1.7684599819369882,-0.7719726727658512
VF1158,0.09782870236014939,-2.0057581342382895,-1.2909451521098854,-0.661932030968087
VF1160,0.6825901904600288,-1.342250496086178,-3.2570198670745234,-1.1190046498104185
VF1161,-1.2702117976905705,-1.8964546035101775,-0.05106589890720592,-0.9167648436893125
VF1176,-0.39314710523121366,-4.376013238551863,-4.74749033310005,-2.6363601696476193
VF1177,-1.1335797508827523,-2.882315540039074,-3.4112451295660042,-2.371787035127875
VF1179,-0.6080060737621419,-0.5361829192288052,-1.7533600886424687,-1.1587034807134011
VF1194,-0.8280204364636653,-3.2186570251941724,-2.521947064096884,-1.8341536181759872
VF1202,-0.3735597539675461,-3.4044160507525025,-3.609784572291472,-2.054402510578171
VF1203,-0.275369429333058,-2.605279297928353,-1.7479287154855707,-1.1262422822476619
VF1209,-0.517909035986499,0.5030184775716462,-1.1077357412207682,-0.74338952962168
VF1211,0.6306946520183138,-3.122745117262376,-5.143948327642963,-2.1090214338879165
VF1212,0.6087851814548013,1.3500460190956864,0.12818137048801326,0.5194431936747396
VF1213,0.34066730418070407,-2.849469883770578,-4.916721927429825,-2.1585890837434416
VF1220,1.015528522477298,4.425264882541887,2.8323185788013925,2.1744986773539985
VF1223,1.0652606509839537,3.7526983647630363,3.9986523874302184,2.655677671483314
VF1230,1.9575050510970944,0.9030784401721037,-0.5689726153757331,0.9713535241406517
VF1232,-0.09269426589887073,-4.963337958401196,-3.9165936244643342,-2.147004985608519
VF1233,-0.5137219107278634,-2.2778319394981184,-0.5894731873287542,-0.7375745517379697
VF1236,0.7861575450254954,2.168648938536814,2.4286860191673494,1.685659108204076
VF1237,-1.2161327833921922,-2.7699232643957266,-0.4537380250042502,-1.1291597892404421
VF1239,-0.5578934402281839,-3.6030978400667184,-4.629767606139336,-2.6202828384052057
VF1242,-0.049329511620552394,-2.7226277244653705,-2.4161243478996117,-1.2928823678933097
VF1243,1.0605821166484661,3.19042773584,2.6815624270363756,2.037262952703517
VF1244,1.6829984122583534,2.224026904429274,2.267015103580187,2.1450887509963286
VF1245,-0.49723018433274724,-1.738615246731019,-2.6314415178352775,-1.570160399917397
VF1246,-1.6637528728109843,0.45002181850752554,-1.9267616865040251,-1.7735337982163928
VF1247,-0.9495585205572281,-1.8533832305223643,-3.001955620335604,-2.004743580256451
VF1250,-0.575704732761418,1.897337346344015,0.4508708461837412,0.009350980941579046
VF1251,-0.7867985005602214,-0.3226755333727077,-2.857470037630035,-1.7250057370919452
VF1252,0.3396397823938754,-1.9807006038829842,0.3806395340272841,0.20624088494124088
VF1253,-1.5991309055281466,-0.31152125568951816,-2.4535055306227807,-2.0246315974435793
VF1254,0.8564856436913332,-1.1816946897702363,-0.13534825482362667,0.348768848611384
VF1259,0.37623888029682073,-4.4722883260932935,-6.103622879924609,-2.781398552292416
VF1260,-0.4482098563407557,0.3464863822832576,-1.1772814288004292,-0.7451834249539477
VF1262,-0.3705319858896426,-3.4212724684196725,-3.862224018634348,-2.163398436623284
VF1264,-0.4646436762091342,-4.328569177734687,-5.206414034660987,-2.873380200870394
VF1265,-0.8352094424898093,0.556105181054734,-2.1304279229535847,-1.368261676794984
VF1266,-0.3418296666881926,-0.8454248761899299,-1.7963112640454117,-1.0460832678953103
VF1268,-1.6998327421817407,-1.8100511258656915,-1.4718805173915688,-1.7773277288301754
VF1269,-2.20219634174737,-0.6025111501732552,-1.4114626121981269,-1.9491808045753176
VF1270,-1.0351206215808106,3.0311830129910544,4.9019552174520715,1.7600431450682001
VF1274,0.45768280083527413,-0.10422231839347194,1.8596944801740891,1.0658206263181484
VF1283,-0.6729669569317268,-0.7576435931215909,0.14475888555019667,-0.39156606203827243
VF1285,0.19421470360015597,0.6488487083362952,-1.3743546563661642,-0.4304073312372109
VF1286,-1.064533496121399,-1.6338703205998109,-2.9946231773565737,-2.051415154259204
VF1288,-0.363535513029804,-2.509096998298394,-3.1368403719339697,-1.772274563869875
VF1295,-0.47917121514050975,0.2596867457185812,1.4647026615944754,0.3750270435104681
VF1296,-0.26755256261705507,-2.1246207056864246,-1.4658254719392387,-0.9611299783201369
VF1299,0.3794700165567502,-2.1492299816426614,0.2820406805615203,0.1734099436202552
VF1301,-0.3782811008850015,-3.5192373627947164,-0.9143125723586416,-0.8978723955281673
VF1302,-1.974510076294924,-0.3712627500244559,0.40384571827739113,-1.0105686529671474
VF1307,1.0586700890581082,-3.4146893190749354,-5.018946503896725,-1.827486578140974
VF1310,0.3227290904075339,-3.907364193642492,-2.993581784838803,-1.4196347337840658
VF1334,-0.2375117192644525,-0.7342358252000027,0.7440161082869416,0.12502308464496195
VF1337,-1.7489543441818807,-1.0077197889151632,-0.7577567964243019,-1.4326832609323714
VF1338,-1.9774937771498122,-1.9135047972813486,-2.311205951559272,-2.3119622275181553
VF1341,-0.10669909347946556,-1.24843425362291,-3.439168780375563,-1.6526287613709263
VF1346,-0.7745031466223186,-0.9106362485858459,-2.8768207011507103,-1.7729832398278254
VF1351,-1.7206417751398804,-3.184447726935653,-0.43053720328694256,-1.4474814583716888
VF1354,-0.3001948411644149,-1.0817439874086325,-3.473696971599308,-1.7676237643942325
VF1355,0.03600533823657222,-3.7444623496349143,-3.9161274146956475,-1.9744538608098812
