effect,component,term,estimate,std.error,statistic,p.value,species,annotation,logOR,SE,OR,CI_low,CI_high,p_adj
fixed,cond,host_type_2wild,-52.24323569859337,NA,NA,NA,lactococcus_lactis,VF0014,-52.24323569859337,NA,2.0466850596898072e-23,NA,NA,NA
fixed,cond,host_type_2wild,301.12934389052094,NA,NA,NA,lactococcus_lactis,VF0079,301.12934389052094,NA,6009140948415799e115,NA,NA,NA
fixed,cond,host_type_2wild,-0.3573743865761109,1.0463085899312865,-0.34155734743569344,0.7326840404774523,lactococcus_lactis,VF0124,-0.3573743865761109,1.0463085899312865,0.6995105613409219,0.08998257640972117,5.437886365905713,0.9468890749427983
fixed,cond,host_type_2wild,-23.07598034582711,58593.26910103567,-3.938332968934691e-4,0.9996857665010018,lactococcus_lactis,VF0225,-23.07598034582711,58593.26910103567,9.511063282668089e-11,0,Inf,0.9999184530298117
fixed,cond,host_type_2wild,-680.8578078350452,NA,NA,NA,lactococcus_lactis,VF0289,-680.8578078350452,NA,2.028668550052669e-296,NA,NA,NA
fixed,cond,host_type_2wild,-1.435254596933626,1.2316927752866733,-1.1652699648250953,0.2439097328169995,lactococcus_lactis,VF0311,-1.435254596933626,1.2316927752866733,0.23805474828977596,0.021293095015590503,2.661429122530829,0.5911224112976694
fixed,cond,host_type_2wild,-230.97703819705092,NA,NA,NA,lactococcus_lactis,VF0370,-230.97703819705092,NA,4.874688453082648e-101,NA,NA,NA
fixed,cond,host_type_2wild,0.7553996099614366,1.846044703812323,0.409198980068813,0.6823936428254379,lactococcus_lactis,VF0429,0.7553996099614366,1.846044703812323,2.1284619080138723,0.05710589032921671,79.33244832973425,0.9309476186890081
fixed,cond,host_type_2wild,-1.0147177828789438,1.8567117029618412,-0.5465133769880687,0.5847130950201718,lactococcus_lactis,VF0445,-1.0147177828789438,1.8567117029618412,0.3625047204363024,0.00952464412678996,13.796806535688397,0.872832591117068
fixed,cond,host_type_2wild,-680.8578078350452,NA,NA,NA,lactococcus_lactis,VF0472,-680.8578078350452,NA,2.028668550052669e-296,NA,NA,NA
fixed,cond,host_type_2wild,680.8578078350452,NA,NA,NA,lactococcus_lactis,VF0519,680.8578078350452,NA,4929341463759754e280,NA,NA,NA
fixed,cond,host_type_2wild,0.5849792346819446,1.230313824948389,0.47547156084869985,0.6344508989833892,lactococcus_lactis,VF0562,0.5849792346819446,1.230313824948389,1.7949537124681727,0.16098632391759268,20.013245544711697,0.8951841451409466
fixed,cond,host_type_2wild,-680.8578078350452,NA,NA,NA,lactococcus_lactis,VF0650,-680.8578078350452,NA,2.028668550052669e-296,NA,NA,NA
fixed,cond,host_type_2wild,-30.399562155244638,NA,NA,NA,lactococcus_lactis,VF0655,-30.399562155244638,NA,6.27534928660066e-14,NA,NA,NA
fixed,cond,host_type_2wild,1.1480656211046594,1.063143268403252,1.0798785593864064,0.2801962620789212,lactococcus_lactis,VF0668,1.1480656211046594,1.063143268403252,3.1520896728672025,0.39231304058293776,25.325870613509714,0.6046511314248462
fixed,cond,host_type_2wild,2.563459464245663,1.3303663999242619,1.9268822967804973,0.05399430021897115,lactococcus_lactis,VF0688,2.563459464245663,1.3303663999242619,12.980645809612296,0.956897805439473,176.08689734346262,0.2471739076690679
fixed,cond,host_type_2wild,-460.3866245175252,NA,NA,NA,lactococcus_lactis,VF0739,-460.3866245175252,NA,1.1392772627177737e-200,NA,NA,NA
fixed,cond,host_type_2wild,0.4570719304547894,1.2453731356484063,0.36701605115065683,0.7136070451524693,lactococcus_lactis,VF0815,0.4570719304547894,1.2453731356484063,1.5794424901801611,0.13753739772302953,18.137892828321274,0.936325167524896
fixed,cond,host_type_2wild,-460.3866245175252,NA,NA,NA,lactococcus_lactis,VF1046,-460.3866245175252,NA,1.1392772627177737e-200,NA,NA,NA
fixed,cond,host_type_2wild,-2963.3911038458405,NA,NA,NA,lactococcus_lactis,VF0740,-2963.3911038458405,NA,0,NA,NA,NA
fixed,cond,host_type_2wild,1438558.8262579546,NA,NA,NA,lactococcus_lactis,VF0482,1438558.8262579546,NA,Inf,NA,NA,NA
fixed,cond,host_type_2wild,-0.09033636036112946,1.050705104527293,-0.08597689301392643,0.931484785899917,lactococcus_lactis,VF0344,-0.09033636036112946,1.050705104527293,0.9136238267422137,0.11651696838202867,7.163836378357316,0.9999184530298117
fixed,cond,host_type_2wild,-2.5081225226524504,1.4988778648863192,-1.6733334859426163,0.09426166387347121,lactococcus_lactis,VF0799,-2.5081225226524504,1.4988778648863192,0.08142096184089143,0.004313855885409622,1.5367627485002104,0.33440050642337404
fixed,cond,host_type_2wild,0.5857510119802946,1.0350804899557033,0.5658989978695879,0.5714624428548734,lactococcus_lactis,VF0936,0.5857510119802946,1.0350804899557033,1.7963395517058875,0.23621644644302184,13.660504311249387,0.8723970730109748
fixed,cond,host_type_2wild,-528.1068352320856,NA,NA,NA,lactococcus_lactis,VF0043,-528.1068352320856,NA,4.427061990807118e-230,NA,NA,NA
fixed,cond,host_type_2wild,-1813998.6301581666,NA,NA,NA,lactococcus_lactis,VF0213,-1813998.6301581666,NA,0,NA,NA,NA
fixed,cond,host_type_2wild,-124.83900789668172,NA,NA,NA,lactococcus_lactis,VF0581,-124.83900789668172,NA,6.068868735850449e-55,NA,NA,NA
fixed,cond,host_type_2wild,-0.09644105695896377,1.0110372189628611,-0.09538823611053074,0.9240064596947581,lactococcus_lactis,VF0488,-0.09644105695896377,1.0110372189628611,0.9080634200417776,0.1251710588821007,6.587618433384393,0.9999184530298117
fixed,cond,host_type_2wild,-460.3866245175252,NA,NA,NA,lactococcus_lactis,VF0265,-460.3866245175252,NA,1.1392772627177737e-200,NA,NA,NA
fixed,cond,host_type_2wild,1.3979625275854901,1.3389607828787828,1.044065326976831,0.2964551663782013,lactococcus_lactis,VF0818,1.3979625275854901,1.3389607828787828,4.046946020226559,0.29334654927188936,55.83079852576617,0.6046511314248462
fixed,cond,host_type_2wild,0.4092940922208374,1.042094244234435,0.39276111012542975,0.694495930715654,lactococcus_lactis,VF1051,0.4092940922208374,1.042094244234435,1.5057544860562537,0.1953015262014151,11.609210723423953,0.936325167524896
fixed,cond,host_type_2wild,41656.48942141931,NA,NA,NA,lactococcus_lactis,VF1146,41656.48942141931,NA,Inf,NA,NA,NA
fixed,cond,host_type_2wild,-44.06888758174624,NA,NA,NA,lactococcus_lactis,VF0836,-44.06888758174624,NA,7.263154787151173e-20,NA,NA,NA
fixed,cond,host_type_2wild,-460.3866245175252,NA,NA,NA,lactococcus_lactis,VF0972,-460.3866245175252,NA,1.1392772627177737e-200,NA,NA,NA
fixed,cond,host_type_2wild,-1.4467568525630998,1.3839904124475007,-1.045351788242955,0.2958604104053206,lactococcus_lactis,VF0721,-1.4467568525630998,1.3839904124475007,0.2353322690628388,0.015617267888760536,3.5461565529090575,0.6046511314248462
fixed,cond,host_type_2wild,-41656.48942141931,NA,NA,NA,lactococcus_lactis,VF0301,-41656.48942141931,NA,0,NA,NA,NA
fixed,cond,host_type_2wild,0.09644105695896377,1.0110372189563068,0.09538823611114912,0.924006459694267,lactococcus_lactis,VF0083,0.09644105695896377,1.0110372189563068,1.1012446685210517,0.1517999274130842,7.989067192673178,0.9999184530298117
fixed,cond,host_type_2wild,-1438558.8262579546,NA,NA,NA,lactococcus_lactis,VF1030,-1438558.8262579546,NA,0,NA,NA,NA
fixed,cond,host_type_2wild,0.9824884848025723,1.0648349623364963,0.9226673799729147,0.356180570093807,parabacteroides_goldsteinii,VF0043,0.9824884848025723,1.0648349623364963,2.6710949575401455,0.33134735552970895,21.532534221649108,0.6731486003607728
fixed,cond,host_type_2wild,-44.06888758174624,NA,NA,NA,parabacteroides_goldsteinii,VF0068,-44.06888758174624,NA,7.263154787151173e-20,NA,NA,NA
fixed,cond,host_type_2wild,-41656.48942141931,NA,NA,NA,parabacteroides_goldsteinii,VF0083,-41656.48942141931,NA,0,NA,NA,NA
fixed,cond,host_type_2wild,-44.06888758174624,NA,NA,NA,parabacteroides_goldsteinii,VF0207,-44.06888758174624,NA,7.263154787151173e-20,NA,NA,NA
fixed,cond,host_type_2wild,-7008966.753682448,NA,NA,NA,parabacteroides_goldsteinii,VF0213,-7008966.753682448,NA,0,NA,NA,NA
fixed,cond,host_type_2wild,-1.7043076396640182,1.681681603161822,-1.0134544116196882,0.310843160918784,parabacteroides_goldsteinii,VF0225,-1.7043076396640182,1.681681603161822,0.18189828174325182,0.006735228234553911,4.912526160791469,0.621686321837568
fixed,cond,host_type_2wild,2.131669206232596,1.566229725174937,1.3610195056121177,0.17350752538539196,parabacteroides_goldsteinii,VF0289,2.131669206232596,1.566229725174937,8.428924689052652,0.39135466633690175,181.54062676375494,0.549885388144473
fixed,cond,host_type_2wild,58.95874177740413,NA,NA,NA,parabacteroides_goldsteinii,VF0311,58.95874177740413,NA,403140299283573e11,NA,NA,NA
fixed,cond,host_type_2wild,-22.857018298599982,48434.43845391471,-4.719166574078979e-4,0.9996234649990446,parabacteroides_goldsteinii,VF0321,-22.857018298599982,48434.43845391471,1.183921970907621e-10,0,Inf,0.9999184530298117
fixed,cond,host_type_2wild,-2.0534664709722557,1.1600374899565467,-1.770172506277513,0.07669840791775273,parabacteroides_goldsteinii,VF0334,-2.0534664709722557,1.1600374899565467,0.12828942035484156,0.01320526122318007,1.246334706813002,0.29259022279735303
fixed,cond,host_type_2wild,-36.518010170197236,NA,NA,NA,parabacteroides_goldsteinii,VF0350,-36.518010170197236,NA,1.3817506991328733e-16,NA,NA,NA
fixed,cond,host_type_2wild,0.6327081134475856,0.9448601973891623,0.669631459972475,0.503092753980525,parabacteroides_goldsteinii,VF0369,0.6327081134475856,0.9448601973891623,1.8827022530266617,0.2954611646032391,11.996729852166874,0.8300823813562428
fixed,cond,host_type_2wild,-0.36584871322452095,0.9905768062893006,-0.3693289716675174,0.7118825333892738,parabacteroides_goldsteinii,VF0408,-0.36584871322452095,0.9905768062893006,0.6936077269490747,0.09952173130873997,4.834036471803349,0.936325167524896
fixed,cond,host_type_2wild,2.5137856690063654,1.1464794947507133,2.1926128469946637,0.02833528472652035,parabacteroides_goldsteinii,VF0454,2.5137856690063654,1.1464794947507133,12.351600736995147,1.305630230300193,116.84934771390955,0.1745882766114935
fixed,cond,host_type_2wild,24.232438151659284,81466.997736276,2.9745097800343946e-4,0.9997626684605551,parabacteroides_goldsteinii,VF0482,24.232438151659284,81466.997736276,33420594598.744205,0,Inf,0.9999184530298117
fixed,cond,host_type_2wild,-1.6068046026393137,1.0378294131276637,-1.5482357527302613,0.1215655463969143,parabacteroides_goldsteinii,VF0566,-1.6068046026393137,1.0378294131276637,0.2005273560000796,0.026227409462540367,1.5331754575996097,0.40391133157684433
fixed,cond,host_type_2wild,-29.281286141560734,NA,NA,NA,parabacteroides_goldsteinii,VF0581,-29.281286141560734,NA,1.9199901721637178e-13,NA,NA,NA
fixed,cond,host_type_2wild,-123.14445803151962,NA,NA,NA,parabacteroides_goldsteinii,VF0615,-123.14445803151962,NA,3.304010356404615e-54,NA,NA,NA
fixed,cond,host_type_2wild,-22.857018298599982,48434.43845391471,-4.719166574078979e-4,0.9996234649990446,parabacteroides_goldsteinii,VF0655,-22.857018298599982,48434.43845391471,1.183921970907621e-10,0,Inf,0.9999184530298117
fixed,cond,host_type_2wild,-0.9651012997798064,1.5175520989532034,-0.635959253356459,0.5248029804566067,parabacteroides_goldsteinii,VF0668,-0.9651012997798064,1.5175520989532034,0.3809446081797849,0.01945787486018288,7.458100925410407,0.8300823813562428
fixed,cond,host_type_2wild,-32.39657139045966,NA,NA,NA,parabacteroides_goldsteinii,VF0679,-32.39657139045966,NA,8.518199604206756e-15,NA,NA,NA
fixed,cond,host_type_2wild,-0.245462538261757,1.3280125253700215,-0.1848345053773979,0.8533588427577854,parabacteroides_goldsteinii,VF0681,-0.245462538261757,1.3280125253700215,0.7823425911589207,0.057938852721367805,10.563894540416523,0.9999184530298117
fixed,cond,host_type_2wild,2.423239624925137,0.9034463427878302,2.682217537621072,0.007313588456821909,parabacteroides_goldsteinii,VF0688,2.423239624925137,0.9034463427878302,11.282350758402597,1.920306469937622,66.2870435674585,0.06848178282296878
fixed,cond,host_type_2wild,0.13406982134526538,0.8758934865069327,0.1530663527136575,0.8783459497953331,parabacteroides_goldsteinii,VF0720,0.13406982134526538,0.8758934865069327,1.1434726556565777,0.20542353387808382,6.365043427839714,0.9999184530298117
fixed,cond,host_type_2wild,-29.281286141560734,NA,NA,NA,parabacteroides_goldsteinii,VF0739,-29.281286141560734,NA,1.9199901721637178e-13,NA,NA,NA
fixed,cond,host_type_2wild,-123.14445803151962,NA,NA,NA,parabacteroides_goldsteinii,VF0787,-123.14445803151962,NA,3.304010356404615e-54,NA,NA,NA
fixed,cond,host_type_2wild,1.1364830857368173,0.9513419633956053,1.194610486517794,0.23223925019233088,parabacteroides_goldsteinii,VF0815,1.1364830857368173,0.9513419633956053,3.1157911032839647,0.48280271683920867,20.107911286954675,0.5834303114587824
fixed,cond,host_type_2wild,-0.683991481929122,1.3146481778811971,-0.5202848134103094,0.602865079113849,parabacteroides_goldsteinii,VF0911,-0.683991481929122,1.3146481778811971,0.5045988701241857,0.03836146224933372,6.637390881392357,0.8745789175876965
fixed,cond,host_type_2wild,-87.21545474833646,NA,NA,NA,parabacteroides_goldsteinii,VF0915,-87.21545474833646,NA,1.3268116192982404e-38,NA,NA,NA
fixed,cond,host_type_2wild,-58.95874177740413,NA,NA,NA,parabacteroides_goldsteinii,VF0923,-58.95874177740413,NA,2.4805260148318486e-26,NA,NA,NA
fixed,cond,host_type_2wild,-167.00198677888147,NA,NA,NA,parabacteroides_goldsteinii,VF0936,-167.00198677888147,NA,2.964549286759526e-73,NA,NA,NA
fixed,cond,host_type_2wild,-242.75538416102972,NA,NA,NA,parabacteroides_goldsteinii,VF1031,-242.75538416102972,NA,3.738317696048758e-106,NA,NA,NA
fixed,cond,host_type_2wild,-0.5429829346759251,1.0367145678607597,-0.523753549442601,0.6004499649917331,parabacteroides_goldsteinii,VF1051,-0.5429829346759251,1.0367145678607597,0.581012542446328,0.07615812654919035,4.432561432060791,0.8745789175876965
fixed,cond,host_type_2wild,-3.115419257199088,1.1511954077805018,-2.7062471202917657,0.006804838698180283,parabacteroides_goldsteinii,VF1146,-3.115419257199088,1.1511954077805018,0.0443599050386888,0.004645936759938141,0.42355315552502026,0.0667522272297685
fixed,cond,host_type_2wild,-1.6632118867700572,0.8556475074684939,-1.9438049807341942,0.051918972920870124,parabacteroides_goldsteinii,VF1220,-1.6632118867700572,0.8556475074684939,0.18952925493512926,0.0354270012855246,1.0139536842747852,0.24680968714235577
fixed,cond,host_type_2wild,-1.688108477352142,0.9357290002164775,-1.804057026085121,0.07122236764553581,parabacteroides_goldsteinii,VF1237,-1.688108477352142,0.9357290002164775,0.18486887715213898,0.029536239327788587,1.1571040361708598,0.28768250460745837
fixed,cond,host_type_2wild,-29.893190173795926,NA,NA,NA,parabacteroides_goldsteinii,VF1243,-29.893190173795926,NA,1.0412438781216439e-13,NA,NA,NA
fixed,cond,host_type_2wild,1.366023449267478,1.5147903174137116,0.9017904548002184,0.367168191261235,parabacteroides_goldsteinii,VF1354,1.366023449267478,1.5147903174137116,3.9197326473406546,0.20129866608453348,76.3259107746699,0.6876058854528583
fixed,cond,host_type_2wild,-85.93691242532765,NA,NA,NA,parabacteroides_goldsteinii,VF0586,-85.93691242532765,NA,4.765112318758477e-38,NA,NA,NA
fixed,cond,host_type_2wild,0.4093793499326566,1.211584094752557,0.3378876891052821,0.7354478251982899,parabacteroides_goldsteinii,VF0650,0.4093793499326566,1.211584094752557,1.5058828687110244,0.14011027669183293,16.184988480645313,0.9468890749427983
fixed,cond,host_type_2wild,-1.8834937587929483,0.9920518701594506,-1.8985839505450637,0.05761920025950441,parabacteroides_goldsteinii,VF0721,-1.8834937587929483,0.9920518701594506,0.15205792293372183,0.021754918168808902,1.0628222890798222,0.2522694945140822
fixed,cond,host_type_2wild,-12246.906595422728,NA,NA,NA,parabacteroides_goldsteinii,VF1030,-12246.906595422728,NA,0,NA,NA,NA
fixed,cond,host_type_2wild,0.31494850330692864,1.2673821670622971,0.24850318356376844,0.8037451071925639,parabacteroides_goldsteinii,VF0078,0.31494850330692864,1.2673821670622971,1.3701887489507028,0.11427807525352508,16.428498673836216,0.9999184530298117
fixed,cond,host_type_2wild,-275055.4594682938,NA,NA,NA,parabacteroides_goldsteinii,VF0344,-275055.4594682938,NA,0,NA,NA,NA
fixed,cond,host_type_2wild,45.53644124708776,NA,NA,NA,parabacteroides_goldsteinii,VF0356,45.53644124708776,NA,5973448986084292e4,NA,NA,NA
fixed,cond,host_type_2wild,1.463794651166533,0.9167258757609297,1.5967637544336883,0.11031837820114518,parabacteroides_goldsteinii,VF0562,1.463794651166533,0.9167258757609297,4.322330183511414,0.7167787486261427,26.06458164545592,0.3725505886792772
fixed,cond,host_type_2wild,-0.8123622490113117,1.1531616526358677,-0.7044651954515091,0.4811431174646114,parabacteroides_goldsteinii,VF0445,-0.8123622490113117,1.1531616526358677,0.44380844092209154,0.04630251090376335,4.253893112688381,0.8124219852271308
fixed,cond,host_type_2wild,2.0371820948103627,1.0322927997105893,1.9734537481822032,0.04844388915704883,parabacteroides_goldsteinii,VF0488,2.0371820948103627,1.0322927997105893,7.668968296631506,1.013985096549061,58.00191238993568,0.2376057420560014
fixed,cond,host_type_2wild,-0.056848173855610126,0.9673182509543146,-0.05876884241512673,0.9531362257018455,parabacteroides_goldsteinii,VF1251,-0.056848173855610126,0.9673182509543146,0.9447374943296428,0.14187740409513835,6.290846233652197,0.9999184530298117
fixed,cond,host_type_2wild,-0.245462538261757,1.3280125253700215,-0.1848345053773979,0.8533588427577854,parabacteroides_goldsteinii,VF1046,-0.245462538261757,1.3280125253700215,0.7823425911589207,0.057938852721367805,10.563894540416523,0.9999184530298117
fixed,cond,host_type_2wild,-22.857018298599982,48434.43845391471,-4.719166574078979e-4,0.9996234649990446,parabacteroides_goldsteinii,VF1269,-22.857018298599982,48434.43845391471,1.183921970907621e-10,0,Inf,0.9999184530298117
fixed,cond,host_type_2wild,-2.0971749497705137,1.153136450631593,-1.8186702437702442,0.0689617540605491,parabacteroides_goldsteinii,VF1120,-2.0971749497705137,1.153136450631593,0.12280286293099812,0.012812648998390738,1.1770043139356752,0.28412242672946225
fixed,cond,host_type_2wild,-149.67056785880618,NA,NA,NA,parabacteroides_goldsteinii,VF0916,-149.67056785880618,NA,9.974664008007262e-66,NA,NA,NA
fixed,cond,host_type_2wild,125.3025141309763,NA,NA,NA,parabacteroides_goldsteinii,VF0265,125.3025141309763,NA,26193314391098946e38,NA,NA,NA
fixed,cond,host_type_2wild,-54.23275034840826,NA,NA,NA,parabacteroides_goldsteinii,VF1233,-54.23275034840826,NA,2.7990830557227876e-24,NA,NA,NA
fixed,cond,host_type_2wild,0.3702014829020173,0.9881881132111638,0.37462652905126553,0.7079382402483587,parabacteroides_goldsteinii,VF0463,0.3702014829020173,0.9881881132111638,1.4480263378224651,0.2087438829337575,10.044750751776181,0.936325167524896
fixed,cond,host_type_2wild,-29.281286141560734,NA,NA,NA,parabacteroides_goldsteinii,VF0221,-29.281286141560734,NA,1.9199901721637178e-13,NA,NA,NA
fixed,cond,host_type_2wild,-0.7325950258573081,1.1906476842397544,-0.6152911860951382,0.5383624372498352,parabacteroides_goldsteinii,VF0079,-0.7325950258573081,1.1906476842397544,0.48066004502330345,0.046594885971797416,4.958356996981225,0.8338546020561358
fixed,cond,host_type_2wild,0.9651012997798064,1.517552098959969,0.6359592533536238,0.5248029804584547,parabacteroides_goldsteinii,VF0430,0.9651012997798064,1.517552098959969,2.6250535603539897,0.1340823904084821,51.3930738684924,0.8300823813562428
fixed,cond,host_type_2wild,-1.7224247518033842,1.3814987081872379,-1.2467798497354365,0.21247823091998422,parabacteroides_goldsteinii,VF0138,-1.7224247518033842,1.3814987081872379,0.17863248292387507,0.011912557062815776,2.6786494106418206,0.5641227275434936
fixed,cond,host_type_2wild,-327253.1927636006,NA,NA,NA,parabacteroides_goldsteinii,VF0370,-327253.1927636006,NA,0,NA,NA,NA
fixed,cond,host_type_2wild,-45.61154598756883,NA,NA,NA,enterococcus_faecalis,VF0043,-45.61154598756883,NA,1.552949261438877e-20,NA,NA,NA
fixed,cond,host_type_2wild,-23546.322701021672,NA,NA,NA,enterococcus_faecalis,VF0068,-23546.322701021672,NA,0,NA,NA,NA
fixed,cond,host_type_2wild,-60.794322561466196,NA,NA,NA,enterococcus_faecalis,VF0078,-60.794322561466196,NA,3.9569556302880635e-27,NA,NA,NA
fixed,cond,host_type_2wild,-22898.707775678766,NA,NA,NA,enterococcus_faecalis,VF0265,-22898.707775678766,NA,0,NA,NA,NA
fixed,cond,host_type_2wild,-321.99281729193723,NA,NA,NA,enterococcus_faecalis,VF0311,-321.99281729193723,NA,1.4464260594065043e-140,NA,NA,NA
fixed,cond,host_type_2wild,-68.87612677465792,NA,NA,NA,enterococcus_faecalis,VF0344,-68.87612677465792,NA,1.223145739477516e-30,NA,NA,NA
fixed,cond,host_type_2wild,-22898.707775683837,NA,NA,NA,enterococcus_faecalis,VF0350,-22898.707775683837,NA,0,NA,NA,NA
fixed,cond,host_type_2wild,-22898.707775641506,NA,NA,NA,enterococcus_faecalis,VF0429,-22898.707775641506,NA,0,NA,NA,NA
fixed,cond,host_type_2wild,-22898.707775641506,NA,NA,NA,enterococcus_faecalis,VF0454,-22898.707775641506,NA,0,NA,NA,NA
fixed,cond,host_type_2wild,-47911.38805081249,NA,NA,NA,enterococcus_faecalis,VF0463,-47911.38805081249,NA,0,NA,NA,NA
fixed,cond,host_type_2wild,-91.66314760162709,NA,NA,NA,enterococcus_faecalis,VF0472,-91.66314760162709,NA,1.553104945918364e-40,NA,NA,NA
fixed,cond,host_type_2wild,-102.05621187707472,NA,NA,NA,enterococcus_faecalis,VF0482,-102.05621187707472,NA,4.759379524054375e-45,NA,NA,NA
fixed,cond,host_type_2wild,-699.691029257157,NA,NA,NA,enterococcus_faecalis,VF0519,-699.691029257157,NA,1.342910150251221e-304,NA,NA,NA
fixed,cond,host_type_2wild,-69.64849075718153,NA,NA,NA,enterococcus_faecalis,VF0581,-69.64849075718153,NA,5.649952429887018e-31,NA,NA,NA
fixed,cond,host_type_2wild,-22898.707775683837,NA,NA,NA,enterococcus_faecalis,VF0650,-22898.707775683837,NA,0,NA,NA,NA
fixed,cond,host_type_2wild,-22898.707775683837,NA,NA,NA,enterococcus_faecalis,VF0655,-22898.707775683837,NA,0,NA,NA,NA
fixed,cond,host_type_2wild,-45.61154598756865,NA,NA,NA,enterococcus_faecalis,VF0681,-45.61154598756865,NA,1.5529492614391642e-20,NA,NA,NA
fixed,cond,host_type_2wild,-32.92027788222977,NA,NA,NA,enterococcus_faecalis,VF0740,-32.92027788222977,NA,5.045508858687137e-15,NA,NA,NA
fixed,cond,host_type_2wild,-89.97553215207317,NA,NA,NA,enterococcus_faecalis,VF0836,-89.97553215207317,NA,8.396975384123351e-40,NA,NA,NA
fixed,cond,host_type_2wild,-0.5040778924262109,0.37617838114061725,-1.3399969740360604,0.18024632870237,enterococcus_faecalis,VF0911,-0.5040778924262109,0.37617838114061725,0.604062329142925,0.2889829701386563,1.2626740507044332,0.5538811641280567
fixed,cond,host_type_2wild,-2.0169455890975465,0.314597867411234,-6.411186463832727,1.443914613674754e-10,enterococcus_faecalis,VF0923,-2.0169455890975465,0.314597867411234,0.13306126880910657,0.07182250519428436,0.2465146712607055,2.974464104169993e-8
fixed,cond,host_type_2wild,-105.1902968769692,NA,NA,NA,enterococcus_faecalis,VF1031,-105.1902968769692,NA,2.072213585224831e-46,NA,NA,NA
fixed,cond,host_type_2wild,-0.8346885492583904,0.2673914767290526,-3.1215974400866155,0.0017987271184119595,enterococcus_faecalis,VF1036,-0.8346885492583904,0.2673914767290526,0.4340096330074352,0.25697516226327055,0.7330061002170697,0.024702519092857575
fixed,cond,host_type_2wild,-1.2983632164962828,0.6276895479521176,-2.0684799049662153,0.03859491830444647,enterococcus_faecalis,VF1146,-1.2983632164962828,0.6276895479521176,0.27297823384089304,0.07976785059253912,0.9341748034748107,0.20922508343989402
fixed,cond,host_type_2wild,-0.913912550578443,1.7224180209018451,-0.530598576819305,0.5956969821143727,enterococcus_faecalis,VF1233,-0.913912550578443,1.7224180209018451,0.40095240456476594,0.013706955537125047,11.728558562172648,0.8745789175876965
fixed,cond,host_type_2wild,-9536.058314876087,NA,NA,NA,enterococcus_faecalis,VF0207,-9536.058314876087,NA,0,NA,NA,NA
fixed,cond,host_type_2wild,0.04041803889400243,0.8170785295477395,0.049466529143011737,0.9605475104054495,enterococcus_faecalis,VF0688,0.04041803889400243,0.8170785295477395,1.0412459645342043,0.209914310029017,5.164932102575069,0.9999184530298117
fixed,cond,host_type_2wild,0.9183217093798567,1.4314751833025412,0.6415212223667102,0.5211840970659402,enterococcus_faecalis,VF0936,0.9183217093798567,1.4314751833025412,2.5050826033436953,0.1514697036568204,41.43032367577129,0.8300823813562428
fixed,cond,host_type_2wild,90.63901959062815,NA,NA,NA,enterococcus_faecalis,VF0124,90.63901959062815,NA,23122034951271352e23,NA,NA,NA
fixed,cond,host_type_2wild,-52920.00129220635,NA,NA,NA,enterococcus_faecalis,VF0615,-52920.00129220635,NA,0,NA,NA,NA
fixed,cond,host_type_2wild,-0.45668371905703653,0.2605314479907963,-1.752892875616189,0.07962039674312554,enterococcus_faecalis,VF0445,-0.45668371905703653,0.2605314479907963,0.6333806346107853,0.3800983069881732,1.0554401872472525,0.29821457689243386
fixed,cond,host_type_2wild,-2257638.9551666505,NA,NA,NA,enterococcus_faecalis,VF0739,-2257638.9551666505,NA,0,NA,NA,NA
fixed,cond,host_type_2wild,0.9444867323424865,1.4396005148088733,0.6560755727903307,0.5117755004664418,enterococcus_faecalis,VF0321,0.9444867323424865,1.4396005148088733,2.5714931755300277,0.15302862605635065,43.211373729268914,0.8300823813562428
fixed,cond,host_type_2wild,-2.447652187588033,1.1072292272667412,-2.2106101675352288,0.02706284406153401,enterococcus_faecalis,VF1120,-2.447652187588033,1.1072292272667412,0.08649642567381804,0.009874284040701113,0.7576885193404972,0.1745882766114935
fixed,cond,host_type_2wild,1.8180334319046416,0.37573245833776936,4.838638215999689,1.3073176736724686e-6,enterococcus_faecalis,VF0403,1.8180334319046416,0.37573245833776936,6.159732996639511,2.949388360888064,12.86446745808175,6.732686019413214e-5
fixed,cond,host_type_2wild,-168.28812904068062,151.09748432351495,-1.1137718790893882,0.2653770638398262,enterococcus_faecalis,VF0799,-168.28812904068062,151.09748432351495,8.192080057379755e-74,1.9797893893373772e-202,33897633772541e42,0.6046511314248462
fixed,cond,host_type_2wild,-22.205600039456183,45054.28743268727,-4.928631947099852e-4,0.9996067520822738,enterococcus_faecalis,VF0408,-22.205600039456183,45054.28743268727,2.2710695558016461e-10,0,Inf,0.9999184530298117
fixed,cond,host_type_2wild,0.7901929869169244,0.2757936733424727,2.865159948523132,0.004167986572359475,enterococcus_faecalis,VF0915,0.7901929869169244,0.2757936733424727,2.203821693973235,1.2835598969988626,3.783874885919221,0.04770029077255844
fixed,cond,host_type_2wild,-2.1927547004966437,1.1318992168063942,-1.9372349304060907,0.05271663220516337,enterococcus_faecalis,VF0566,-2.1927547004966437,1.1318992168063942,0.11160887573780491,0.012139664065519236,1.0261026232873758,0.24680968714235577
fixed,cond,host_type_2wild,-1.696568130808841,0.27835082842671016,-6.095071246592491,1.093887208689604e-9,enterococcus_faecalis,VF0818,-1.696568130808841,0.27835082842671016,0.18331154704064526,0.10623137777644995,0.31632013047169627,1.1267038249502921e-7
fixed,cond,host_type_2wild,0.9478613767807214,0.26307235025302833,3.6030444699682387,3.145116952766824e-4,enterococcus_faecalis,VF0138,0.9478613767807214,0.26307235025302833,2.58018570952917,1.5407041778897983,4.320984126087523,0.0071988232474440635
fixed,cond,host_type_2wild,-0.04646246326438334,1.735389041090229,-0.02677351427504352,0.9786403781898037,enterococcus_faecalis,VF0586,-0.04646246326438334,1.735389041090229,0.9546003924800117,0.03181475879536934,28.642741413951168,0.9999184530298117
fixed,cond,host_type_2wild,0.4228252510936982,1.2340438275695718,0.34263390136349153,0.7318738946157404,enterococcus_faecalis,VF1251,0.4228252510936982,1.2340438275695718,1.5262675590744732,0.1358912084896932,17.14233531199948,0.9468890749427983
fixed,cond,host_type_2wild,-2.5880391768522424,0.7970141806836016,-3.2471682933325887,0.0011655944473874318,enterococcus_faecalis,VF0221,-2.5880391768522424,0.7970141806836016,0.07516728543033467,0.015761469271794677,0.3584767829403035,0.01847018893552392
fixed,cond,host_type_2wild,-0.8205720875672555,0.7812654026087034,-1.0503115648373833,0.29357488979902624,enterococcus_faecalis,VF1269,-0.8205720875672555,0.7812654026087034,0.44017976109164597,0.09519267564179852,2.0354320410510702,0.6046511314248462
fixed,cond,host_type_2wild,-1.1241363024576843,1.3695919569102788,-0.8207819101053072,0.41177050446685515,enterococcus_faecalis,VF1030,-1.1241363024576843,1.3695919569102788,0.32493299002244314,0.02218061570445398,4.760077421282937,0.7376062949580188
fixed,cond,host_type_2wild,0.46082518689923174,0.4475354563453796,1.029695369082882,0.30315303015001344,enterococcus_faecalis,VF0972,0.46082518689923174,0.4475354563453796,1.5853816815671484,0.6594531766920769,3.8113927797822944,0.6122502373617918
fixed,cond,host_type_2wild,0.00940274314641161,0.37896920752952057,0.024811364510872996,0.980205426280986,enterococcus_faecalis,VF0668,0.00940274314641161,0.37896920752952057,1.0094470878139499,0.4802843745101424,2.1216251811967832,0.9999184530298117
fixed,cond,host_type_2wild,-1.3677113559746725,1.2623429804760975,-1.0834704807871114,0.2785996465035987,enterococcus_faecalis,VF0488,-1.3677113559746725,1.2623429804760975,0.2546891859278958,0.021452725093149824,3.0236989075726854,0.6046511314248462
fixed,cond,host_type_2wild,-71.57065264071763,NA,NA,NA,enterococcus_faecalis,VF0334,-71.57065264071763,NA,8.265335597376007e-32,NA,NA,NA
fixed,cond,host_type_2wild,-0.984662496851302,1.1642889636410645,-0.8457200296496677,0.39770894669793594,enterococcus_faecalis,VF0301,-0.984662496851302,1.1642889636410645,0.3735652851229202,0.038133242694960205,3.6595634776009254,0.7189289807589219
fixed,cond,host_type_2wild,-79.54814659078798,NA,NA,NA,enterococcus_faecalis,VF1046,-79.54814659078798,NA,2.8358214945445244e-35,NA,NA,NA
fixed,cond,host_type_2wild,0.09796765685129602,0.8699904780490203,0.11260773459382156,0.9103415527388666,enterococcus_faecalis,VF0315,0.09796765685129602,0.8699904780490203,1.1029271123960211,0.20044534154979537,6.068727793087826,0.9999184530298117
fixed,cond,host_type_2wild,-0.6137956874502158,0.6280979371509829,-0.9772292681526048,0.3284556612656081,bacteroides_uniformis,VF0014,-0.6137956874502158,0.6280979371509829,0.5412923881462218,0.15804623783117025,1.8538717117583574,0.644398725911574
fixed,cond,host_type_2wild,11.29726278070263,10.155311716077307,1.1124486472254171,0.2659452981438758,bacteroides_uniformis,VF0043,11.29726278070263,10.155311716077307,80600.71349111552,1.8279446419336234e-4,35539779850252.06,0.6046511314248462
fixed,cond,host_type_2wild,-0.09858695175056602,0.2680290684081544,-0.367821864755497,0.7130060645041512,bacteroides_uniformis,VF0207,-0.09858695175056602,0.2680290684081544,0.906116900738038,0.5358377195264479,1.5322695806646778,0.936325167524896
fixed,cond,host_type_2wild,0.42478398539284323,0.33146862183994674,1.2815209567497308,0.20001074379560327,bacteroides_uniformis,VF0221,0.42478398539284323,0.33146862183994674,1.5292600414743065,0.7986004559524658,2.928418406248941,0.5641227275434936
fixed,cond,host_type_2wild,-1.9052635650465966,0.3221563309680685,-5.914096300145169,3.3370261461531544e-9,bacteroides_uniformis,VF0225,-1.9052635650465966,0.3221563309680685,0.1487834233440455,0.07912788216271657,0.27975609174592236,2.2914246203584994e-7
fixed,cond,host_type_2wild,5.476897570762725,3.5655867886107786,1.5360438254530975,0.1245276321089117,bacteroides_uniformis,VF0265,5.476897570762725,3.5655867886107786,239.1037530144126,0.22054521798017077,259223.95973562865,0.4071855907053303
fixed,cond,host_type_2wild,2.909026415089192,1.094458170838617,2.6579603429340577,0.007861514312987362,bacteroides_uniformis,VF0289,2.909026415089192,1.094458170838617,18.338935362006755,2.1466068802508773,156.6735638956658,0.06885966784689905
fixed,cond,host_type_2wild,1.2517434705835204,2.545084776319472,0.4918278095214205,0.6228410753456358,bacteroides_uniformis,VF0311,1.2517434705835204,2.545084776319472,3.4964335755985534,0.02383446370239019,512.9147398163159,0.8848638725600068
fixed,cond,host_type_2wild,1.0580425506124738,0.6123760358911391,1.7277660924023486,0.08403016877617442,bacteroides_uniformis,VF0321,1.0580425506124738,0.6123760358911391,2.880726590257795,0.8674351892640098,9.5668077460166,0.30368797838406897
fixed,cond,host_type_2wild,-207.54449470672114,NA,NA,NA,bacteroides_uniformis,VF0334,-207.54449470672114,NA,7.321013361368059e-91,NA,NA,NA
fixed,cond,host_type_2wild,-226.3171697421411,NA,NA,NA,bacteroides_uniformis,VF0350,-226.3171697421411,NA,5.14875256151035e-99,NA,NA,NA
fixed,cond,host_type_2wild,-0.486531263346064,0.6521871400517061,-0.7459994738741572,0.4556677328597348,bacteroides_uniformis,VF0356,-0.486531263346064,0.6521871400517061,0.614755123679676,0.17121793541093475,2.2072679546296987,0.7901989439512503
fixed,cond,host_type_2wild,-0.9439649031223192,1.4264512644347616,-0.6617575564324449,0.5081266113443037,bacteroides_uniformis,VF0370,-0.9439649031223192,1.4264512644347616,0.3890821002044839,0.023758631536430225,6.371784522496866,0.8300823813562428
fixed,cond,host_type_2wild,-52920.001190728086,NA,NA,NA,bacteroides_uniformis,VF0408,-52920.001190728086,NA,0,NA,NA,NA
fixed,cond,host_type_2wild,1.2127067784556118,0.9293778649980636,1.3048586846407608,0.19194097185168318,bacteroides_uniformis,VF0562,1.2127067784556118,0.9293778649980636,3.3625740885529507,0.543963115431457,20.786160274928516,0.5641227275434936
fixed,cond,host_type_2wild,-1.5746834469575521,1.2166929449860853,-1.294232413729958,0.19558515374406102,bacteroides_uniformis,VF0720,-1.5746834469575521,1.2166929449860853,0.20707309192453968,0.01907452470806803,2.2479860471203272,0.5641227275434936
fixed,cond,host_type_2wild,-40.08341433537258,NA,NA,NA,bacteroides_uniformis,VF0739,-40.08341433537258,NA,3.908358006156777e-18,NA,NA,NA
fixed,cond,host_type_2wild,-52920.00001846105,NA,NA,NA,bacteroides_uniformis,VF0787,-52920.00001846105,NA,0,NA,NA,NA
fixed,cond,host_type_2wild,-2.5019532430100466,1.0579892737321808,-2.364819100844108,0.01803887971833453,bacteroides_uniformis,VF0815,-2.5019532430100466,1.0579892737321808,0.08192482315583823,0.010299991391484282,0.651619636756626,0.12813824903368667
fixed,cond,host_type_2wild,-1.038193566735869,0.8347435902874759,-1.2437275096396097,0.21359986771064318,bacteroides_uniformis,VF0823,-1.038193566735869,0.8347435902874759,0.35409375129790516,0.06895570040407555,1.8183034031050476,0.5641227275434936
fixed,cond,host_type_2wild,0.08310809395035232,0.5089498362363447,0.16329329146646746,0.8702875156453656,bacteroides_uniformis,VF0923,0.08310809395035232,0.5089498362363447,1.0866592634925172,0.4007435489465746,2.9465935460174375,0.9999184530298117
fixed,cond,host_type_2wild,-14482.78741852055,NA,NA,NA,bacteroides_uniformis,VF1036,-14482.78741852055,NA,0,NA,NA,NA
fixed,cond,host_type_2wild,-1.0428832774148902,0.8116720215712322,-1.2848579841351189,0.19884191555272668,bacteroides_uniformis,VF1046,-1.0428832774148902,0.8116720215712322,0.35243704183149355,0.07180792451744158,1.729779398160489,0.5641227275434936
fixed,cond,host_type_2wild,9.757728742370459,3.347690859578246,2.9147639825977754,0.0035595762452442976,bacteroides_uniformis,VF1220,9.757728742370459,3.347690859578246,17287.323087501056,24.440819323031203,12227558.15104902,0.04313368861884266
fixed,cond,host_type_2wild,-0.7947303027489077,0.8057030680599506,-0.9863811300390549,0.3239461213209792,bacteroides_uniformis,VF1243,-0.7947303027489077,0.8057030680599506,0.45170304156501573,0.09311608707296738,2.1911964320322057,0.6416625095396319
fixed,cond,host_type_2wild,-362.6685687981884,NA,NA,NA,bacteroides_uniformis,VF0430,-362.6685687981884,NA,3.12638034127264e-158,NA,NA,NA
fixed,cond,host_type_2wild,-14482.78741852055,NA,NA,NA,bacteroides_uniformis,VF0566,-14482.78741852055,NA,0,NA,NA,NA
fixed,cond,host_type_2wild,-14482.78741852055,NA,NA,NA,bacteroides_uniformis,VF0972,-14482.78741852055,NA,0,NA,NA,NA
fixed,cond,host_type_2wild,-1.9554083031070313,1.2015939710082901,-1.6273453015632187,0.10366378160694553,bacteroides_uniformis,VF1354,-1.9554083031070313,1.2015939710082901,0.14150668727705668,0.013426398317497965,1.491400900718864,0.35591231685051294
fixed,cond,host_type_2wild,-14482.78741852055,NA,NA,NA,bacteroides_uniformis,VF0650,-14482.78741852055,NA,0,NA,NA,NA
fixed,cond,host_type_2wild,2.205027420691291,2.0133815599368936,1.0951860613844124,0.2734351309479628,bacteroides_uniformis,VF0721,2.205027420691291,2.0133815599368936,9.070500283834551,0.17530982588768765,469.30612692383545,0.6046511314248462
fixed,cond,host_type_2wild,0.8778754079379929,0.6913223308202656,1.2698496327991877,0.20413819721549767,bacteroides_uniformis,VF1237,0.8778754079379929,0.6913223308202656,2.405782965456975,0.6205703152387079,9.326568697789925,0.5641227275434936
fixed,cond,host_type_2wild,-0.65106821128165,1.1770991517071887,-0.5531124632426951,0.5801864029247745,bacteroides_uniformis,VF0586,-0.65106821128165,1.1770991517071887,0.5214884193134978,0.05191318116901798,5.2385572479690685,0.8723970730109748
fixed,cond,host_type_2wild,-588.697607013859,NA,NA,NA,bacteroides_uniformis,VF0836,-588.697607013859,NA,2.1472260345743717e-256,NA,NA,NA
fixed,cond,host_type_2wild,1.5796587363684191,1.2818622467229037,1.2323155162786297,0.21783124591347502,bacteroides_uniformis,VF0915,1.5796587363684191,1.2818622467229037,4.8532992740601495,0.3934539411268158,59.866000518726054,0.5658647601633927
fixed,cond,host_type_2wild,-191358.41879525135,NA,NA,NA,bacteroides_uniformis,VF0369,-191358.41879525135,NA,0,NA,NA,NA
fixed,cond,host_type_2wild,-0.5380898834452423,0.6806236663263496,-0.790583563380289,0.4291870414674803,bacteroides_uniformis,VF0679,-0.5380898834452423,0.6806236663263496,0.5838624332269899,0.15379845469698883,2.2165069317852875,0.7556626542077004
fixed,cond,host_type_2wild,-14482.78741852055,NA,NA,NA,bacteroides_uniformis,VF0078,-14482.78741852055,NA,0,NA,NA,NA
fixed,cond,host_type_2wild,-0.5304233687373279,1.0631765461758391,-0.49890431711009636,0.617846792576376,bacteroides_uniformis,VF1051,-0.5304233687373279,1.0631765461758391,0.5883558254792115,0.07322272911021943,4.727529027964237,0.8848638725600068
fixed,cond,host_type_2wild,-1.3195154409001304,1.500700434506025,-0.8792663815909841,0.37925685942202025,bacteroides_uniformis,VF1269,-1.3195154409001304,1.500700434506025,0.2672647761737338,0.014109763244447366,5.062484702661906,0.6975617235797872
fixed,cond,host_type_2wild,-3222.4708359871424,NA,NA,NA,bacteroides_uniformis,VF0519,-3222.4708359871424,NA,0,NA,NA,NA
fixed,cond,host_type_2wild,0.109406221211279,0.5889905576645469,0.1857520800419862,0.8526391849973806,bacteroides_uniformis,VF0681,0.109406221211279,0.5889905576645469,1.1156154449642688,0.35168644844800123,3.5389416525295663,0.9999184530298117
fixed,cond,host_type_2wild,-63861.49568277911,NA,NA,NA,bacteroides_uniformis,VF1146,-63861.49568277911,NA,0,NA,NA,NA
fixed,cond,host_type_2wild,-1.5584221067984916,1.1699180586445221,-1.3320779992097,0.1828345590325624,bacteroides_uniformis,VF0668,-1.5584221067984916,1.1699180586445221,0.21046790520936867,0.0212486587820646,2.084684006531717,0.5538811641280567
fixed,cond,host_type_2wild,-2.2050274206912484,2.0133815568899522,-1.095186063041786,0.2734351302220123,bacteroides_uniformis,VF1251,-2.2050274206912484,2.0133815568899522,0.11024750220031887,0.0021308053498614128,5.704186795945415,0.6046511314248462
fixed,cond,host_type_2wild,0.36959640486265016,0.8344351415568643,0.44293005705999894,0.6578163259949721,bacteroides_uniformis,VF0463,0.36959640486265016,0.8344351415568643,1.4471504339068593,0.28198638972682144,7.42675694520449,0.9156092105065152
fixed,cond,host_type_2wild,-14482.78741852055,NA,NA,NA,bacteroides_uniformis,VF1233,-14482.78741852055,NA,0,NA,NA,NA
fixed,cond,host_type_2wild,1491.4150272790407,NA,NA,NA,bacteroides_uniformis,VF0344,1491.4150272790407,NA,Inf,NA,NA,NA
fixed,cond,host_type_2wild,-278.95492441252765,NA,NA,NA,bacteroides_uniformis,VF0472,-278.95492441252765,NA,7.102571721405144e-122,NA,NA,NA
fixed,cond,host_type_2wild,-1.9196205007496425,4.653168473771141,-0.4125405111742911,0.6799432939722396,bacteroides_uniformis,VF0482,-1.9196205007496425,4.653168473771141,0.14666260992105534,1.6049534541456463e-5,1340.2208701626091,0.9309476186890081
fixed,cond,host_type_2wild,-1866.018483856158,NA,NA,NA,bacteroides_uniformis,VF0083,-1866.018483856158,NA,0,NA,NA,NA
fixed,cond,host_type_2wild,0.9853296680951931,1.5718962689439184,0.626841406498909,0.5307631984833305,bacteroides_uniformis,VF0315,0.9853296680951931,1.5718962689439184,2.6786948190939714,0.12299802027863667,58.337572568939684,0.8300823813562428
fixed,cond,host_type_2wild,1.093780775321353,0.584345374870282,1.8718053095982148,0.06123354343948681,bacteroides_uniformis,VF0403,1.093780775321353,0.584345374870282,2.985540418917342,0.9497693062298527,9.384859601718906,0.2574308152762098
fixed,cond,host_type_2wild,-14482.78741852055,NA,NA,NA,phocaeicola_vulgatus,VF0083,-14482.78741852055,NA,0,NA,NA,NA
fixed,cond,host_type_2wild,-1.060058257329234,0.9020398663535938,-1.175178943713889,0.23992313246103533,phocaeicola_vulgatus,VF0124,-1.060058257329234,0.9020398663535938,0.34643562732775957,0.0591276628600393,2.0298053073071953,0.5883829200830153
fixed,cond,host_type_2wild,-7.21970724912582,2.9946418946608087,-2.4108749904280518,0.01591430211330679,phocaeicola_vulgatus,VF0207,-7.21970724912582,2.9946418946608087,7.320166860402457e-4,2.067427736736682e-6,0.25918604994975547,0.11708379411932851
fixed,cond,host_type_2wild,-0.304531899940926,1.6266735651722204,-0.1872114396281373,0.8514948558838984,phocaeicola_vulgatus,VF0221,-0.304531899940926,1.6266735651722204,0.7374685026577041,0.030415221529401827,17.881171501133306,0.9999184530298117
fixed,cond,host_type_2wild,3.407219678933694,1.3363921192425037,2.5495658271802597,0.010785714710022735,phocaeicola_vulgatus,VF0311,3.407219678933694,1.3363921192425037,30.18121403284409,2.198754635296963,414.28255152868314,0.08887428921058733
fixed,cond,host_type_2wild,0.37367148900385894,0.5292075567367536,0.7060962834847354,0.48012826278637294,phocaeicola_vulgatus,VF0315,0.37367148900385894,0.5292075567367536,1.4530597259435227,0.515006723944779,4.09971844830798,0.8124219852271308
fixed,cond,host_type_2wild,-67.73322716685493,NA,NA,NA,phocaeicola_vulgatus,VF0344,-67.73322716685493,NA,3.835599028323933e-30,NA,NA,NA
fixed,cond,host_type_2wild,1.4717683177117562,0.6019818263369905,2.444871677717157,0.014490368838358844,phocaeicola_vulgatus,VF0370,1.4717683177117562,0.6019818263369905,4.356932774520224,1.3389476078058153,14.177450328169629,0.11055614743340451
fixed,cond,host_type_2wild,-0.6819221255252759,0.6419640171036588,-1.062243532903753,0.28812514166299197,phocaeicola_vulgatus,VF0519,-0.6819221255252759,0.6419640171036588,0.5056441461787895,0.14367929243231198,1.7794909637749454,0.6046511314248462
fixed,cond,host_type_2wild,3.9756294528062806,0.8531999436233091,4.659669146159175,3.167180447987026e-6,phocaeicola_vulgatus,VF0562,3.9756294528062806,0.8531999436233091,53.28364589260709,10.007727687425781,283.6954609762208,1.304878344570655e-4
fixed,cond,host_type_2wild,-1.4657262723294489,0.7749885594302005,-1.8912876254677922,0.05858595966568178,phocaeicola_vulgatus,VF0566,-1.4657262723294489,0.7749885594302005,0.2309102268549514,0.050554473099634914,1.0546946609674024,0.2522694945140822
fixed,cond,host_type_2wild,128349.8304269238,NA,NA,NA,phocaeicola_vulgatus,VF0650,128349.8304269238,NA,Inf,NA,NA,NA
fixed,cond,host_type_2wild,-95.02750589657508,NA,NA,NA,phocaeicola_vulgatus,VF0655,-95.02750589657508,NA,5.371289495310477e-42,NA,NA,NA
fixed,cond,host_type_2wild,-0.1611274417366502,1.5872322054524088,-0.10151472556009788,0.919141868638061,phocaeicola_vulgatus,VF0720,-0.1611274417366502,1.5872322054524088,0.8511835878800049,0.037926600063871704,19.10304374914002,0.9999184530298117
fixed,cond,host_type_2wild,-1.6113014637346457,0.5893086087395094,-2.734223528790982,0.0062527580684865755,phocaeicola_vulgatus,VF0721,-1.6113014637346457,0.5893086087395094,0.19962763680661022,0.06289136935426229,0.6336512272854665,0.06440340810541173
fixed,cond,host_type_2wild,-46.81937139441796,NA,NA,NA,phocaeicola_vulgatus,VF0739,-46.81937139441796,NA,4.640933625811356e-21,NA,NA,NA
fixed,cond,host_type_2wild,56.83439813875306,NA,NA,NA,phocaeicola_vulgatus,VF0799,56.83439813875306,NA,4817985559046059e9,NA,NA,NA
fixed,cond,host_type_2wild,59.91692014725133,NA,NA,NA,phocaeicola_vulgatus,VF0818,59.91692014725133,NA,10509638856449013e10,NA,NA,NA
fixed,cond,host_type_2wild,-1.9689094804468086,1.110857674021247,-1.7724228103132769,0.07632439811251303,phocaeicola_vulgatus,VF0823,-1.9689094804468086,1.110857674021247,0.13960901959707192,0.015824585223061797,1.2316707248952765,0.29259022279735303
fixed,cond,host_type_2wild,2.721526140399661,1.5177197096261472,1.7931678182330792,0.07294609422046372,phocaeicola_vulgatus,VF0911,2.721526140399661,1.5177197096261472,15.20350723528698,0.7763091177769376,297.75076314360723,0.2889787578733755
fixed,cond,host_type_2wild,-0.7392996639010707,0.6435660593096978,-1.1487548996820292,0.25065706109076236,phocaeicola_vulgatus,VF0936,-0.7392996639010707,0.6435660593096978,0.47744817265188083,0.135242050388422,1.6855464473802115,0.6004110998220586
fixed,cond,host_type_2wild,-82.87902931394424,NA,NA,NA,phocaeicola_vulgatus,VF1031,-82.87902931394424,NA,1.0141329731919314e-36,NA,NA,NA
fixed,cond,host_type_2wild,128349.8304269238,NA,NA,NA,phocaeicola_vulgatus,VF1220,128349.8304269238,NA,Inf,NA,NA,NA
fixed,cond,host_type_2wild,-0.3265334849735125,1.5163200229918103,-0.21534602196259206,0.829497550870206,phocaeicola_vulgatus,VF1243,-0.3265334849735125,1.5163200229918103,0.7214202179072763,0.03693776793740993,14.089837038536436,0.9999184530298117
fixed,cond,host_type_2wild,-16.764834618926518,1724.4217577274592,-0.009722003647773599,0.9922430855834037,phocaeicola_vulgatus,VF1251,-16.764834618926518,1724.4217577274592,5.2375096358440006e-8,0,Inf,0.9999184530298117
fixed,cond,host_type_2wild,128349.8304269238,NA,NA,NA,phocaeicola_vulgatus,VF1354,128349.8304269238,NA,Inf,NA,NA,NA
fixed,cond,host_type_2wild,3.2144520187102485,0.8397451312649176,3.8278900335727855,1.292464738469984e-4,phocaeicola_vulgatus,VF0815,3.2144520187102485,0.8397451312649176,24.889649111485678,4.799691098822395,129.0696880565653,0.0038035390874973816
fixed,cond,host_type_2wild,-56.141969823098385,NA,NA,NA,phocaeicola_vulgatus,VF0014,-56.141969823098385,NA,4.148129466847363e-25,NA,NA,NA
fixed,cond,host_type_2wild,-23.095228092661834,34005.33223231602,-6.791649008126416e-4,0.999458104853062,phocaeicola_vulgatus,VF0301,-23.095228092661834,34005.33223231602,9.329747304229264e-11,0,Inf,0.9999184530298117
fixed,cond,host_type_2wild,-25.862642358845466,NA,NA,NA,phocaeicola_vulgatus,VF0369,-25.862642358845466,NA,5.8613429933457135e-12,NA,NA,NA
fixed,cond,host_type_2wild,-0.987308022038566,0.5927316677830881,-1.665691367109264,0.0957749023251411,phocaeicola_vulgatus,VF0915,-0.987308022038566,0.5927316677830881,0.3725783148550256,0.11659346057587947,1.190586504719701,0.33440050642337404
fixed,cond,host_type_2wild,2.779389391705505,1.135380034384566,2.447981563470135,0.014365900631047887,phocaeicola_vulgatus,VF0482,2.779389391705505,1.135380034384566,16.10918154445397,1.7402773973979766,149.11745128689458,0.11055614743340451
fixed,cond,host_type_2wild,-0.2708581151107833,1.224550579586842,-0.2211898141456677,0.8249446399880414,phocaeicola_vulgatus,VF0668,-0.2708581151107833,1.224550579586842,0.7627247078387748,0.06918458155376692,8.40865069763611,0.9999184530298117
fixed,cond,host_type_2wild,0.7106026610722422,0.8809828760630383,0.8066021263067041,0.4198957483184284,phocaeicola_vulgatus,VF0681,0.7106026610722422,0.8809828760630383,2.0352174354470183,0.3619953994237434,11.442438263418042,0.7456769323585885
fixed,cond,host_type_2wild,-95.02750589657508,NA,NA,NA,phocaeicola_vulgatus,VF0321,-95.02750589657508,NA,5.371289495310477e-42,NA,NA,NA
fixed,cond,host_type_2wild,-0.05820887316874607,1.5276986439144993,-0.03810232692201293,0.9696060960435207,phocaeicola_vulgatus,VF1269,-0.05820887316874607,1.5276986439144993,0.9434528648654374,0.04724075926683555,18.841850174234622,0.9999184530298117
fixed,cond,host_type_2wild,0.6943578500546572,1.826057499499877,0.3802497184479836,0.7037600560069501,phocaeicola_vulgatus,VF0688,0.6943578500546572,1.826057499499877,2.0024228053017294,0.0558707188585484,71.76741543891829,0.936325167524896
fixed,cond,host_type_2wild,7.373680683647875,5.573040745118981,1.323098290660434,0.18580269309661393,phocaeicola_vulgatus,VF0679,7.373680683647875,5.573040745118981,1593.4881281353607,0.028739604009958092,88352101.63746569,0.5547152866362677
fixed,cond,host_type_2wild,-76.07901861678452,NA,NA,NA,phocaeicola_vulgatus,VF0488,-76.07901861678452,NA,9.10546283560693e-34,NA,NA,NA
fixed,cond,host_type_2wild,-0.43198404164550414,1.0491414709192355,-0.41175003907433844,0.680522644168202,phocaeicola_vulgatus,VF0138,-0.43198404164550414,1.0491414709192355,0.6492197370811897,0.08305092337792402,5.075034085988326,0.9309476186890081
fixed,cond,host_type_2wild,0.01248371827999423,0.9896144680749616,0.012614728950232577,0.9899351694710106,phocaeicola_vulgatus,VF0430,0.01248371827999423,0.9896144680749616,1.0125619651560163,0.14556091224066053,7.043661086607386,0.9999184530298117
fixed,cond,host_type_2wild,-26.26623106395728,182524.19996211407,-1.4390547154519387e-4,0.9998851800464353,phocaeicola_vulgatus,VF0408,-26.26623106395728,182524.19996211407,3.914901039949813e-12,0,Inf,0.9999184530298117
fixed,cond,host_type_2wild,0.6559132646072571,1.1834243214313374,0.5542502826154003,0.5794075704608185,phocaeicola_vulgatus,VF0916,0.6559132646072571,1.1834243214313374,1.9269014849805814,0.18945601250321956,19.59794932745812,0.8723970730109748
fixed,cond,host_type_2wild,0.7053447736162217,0.7283699226212399,0.9683881111919671,0.33285057474708635,phocaeicola_vulgatus,VF1146,0.7053447736162217,0.7283699226212399,2.0245445741625723,0.4856533045741196,8.439725817093787,0.6468605509235829
fixed,cond,host_type_2wild,-6527.148331400696,NA,NA,NA,phocaeicola_vulgatus,VF0787,-6527.148331400696,NA,0,NA,NA,NA
fixed,cond,host_type_2wild,-3.5140000107415603,0.8061686871536793,-4.358889233403938,1.3072425298691627e-5,phocaeicola_vulgatus,VF1237,-3.5140000107415603,0.8061686871536793,0.029777565316054813,0.006132881111570598,0.14458186617689553,4.4881993525507926e-4
fixed,cond,host_type_2wild,-68.88161875848415,NA,NA,NA,phocaeicola_vulgatus,VF1046,-68.88161875848415,NA,1.2164466553281562e-30,NA,NA,NA
fixed,cond,host_type_2wild,-27789.917043076945,NA,NA,NA,citrobacter_braakii,VF0369,-27789.917043076945,NA,0,NA,NA,NA
fixed,cond,host_type_2wild,-0.70065918531069,1.5346434619619675,-0.4565615419329589,0.6479862269464298,citrobacter_braakii,VF0403,-0.70065918531069,1.5346434619619675,0.49625806991937577,0.024512787207377748,10.046677673846174,0.9080623316392146
fixed,cond,host_type_2wild,-106.9739052168981,NA,NA,NA,citrobacter_braakii,VF0429,-106.9739052168981,NA,3.481955822321847e-47,NA,NA,NA
fixed,cond,host_type_2wild,-1.6634263750286946,0.7810205044481517,-2.12981140130761,0.03318718702591787,citrobacter_braakii,VF0454,-1.6634263750286946,0.7810205044481517,0.18948860749463256,0.04099822262828717,0.8757924141199535,0.18990445909275228
fixed,cond,host_type_2wild,-58.42944127879115,NA,NA,NA,citrobacter_braakii,VF0562,-58.42944127879115,NA,4.211298948971493e-26,NA,NA,NA
fixed,cond,host_type_2wild,-428.8949045298691,NA,NA,NA,citrobacter_braakii,VF0650,-428.8949045298691,NA,5.411400111474049e-187,NA,NA,NA
fixed,cond,host_type_2wild,-1.1250253556701615,1.075377263057443,-1.0461680698656044,0.29548344208363275,citrobacter_braakii,VF0739,-1.1250253556701615,1.075377263057443,0.32464423568183054,0.039448281612291414,2.671697611502575,0.6046511314248462
fixed,cond,host_type_2wild,-63.62090050534947,NA,NA,NA,citrobacter_braakii,VF0740,-63.62090050534947,NA,2.3431170099006038e-28,NA,NA,NA
fixed,cond,host_type_2wild,0.030954196382222358,1.307899572070824,0.023667104908683432,0.9811181451323113,citrobacter_braakii,VF0916,0.030954196382222358,1.307899572070824,1.0314382592007565,0.07945781994302549,13.389051993950021,0.9999184530298117
fixed,cond,host_type_2wild,1.0895125222634392,0.8931113049118605,1.219906764444059,0.2225002212292952,citrobacter_braakii,VF0936,1.0895125222634392,0.8931113049118605,2.972824533507975,0.5163421585107408,17.115948332626935,0.5658647601633927
fixed,cond,host_type_2wild,-2.9731801376605014,0.9056327183200285,-3.2829866650310797,0.0010271352425784198,citrobacter_braakii,VF1030,-2.9731801376605014,0.9056327183200285,0.05114041789009994,0.008667106633029211,0.3017549515321902,0.017632488330929542
fixed,cond,host_type_2wild,1.796357218948248,0.8178412975097709,2.19646186175477,0.028058902056472688,citrobacter_braakii,VF1031,1.796357218948248,0.8178412975097709,6.027650013533669,1.2133538180291692,29.943915901354174,0.1745882766114935
fixed,cond,host_type_2wild,-1.271449364110584,0.8604781726835066,-1.4776079213554172,0.13951275288579781,citrobacter_braakii,VF1220,-1.271449364110584,0.8604781726835066,0.28042488932756593,0.05192335538733122,1.5145037905921714,0.44905667335116173
fixed,cond,host_type_2wild,-99.90620777077415,NA,NA,NA,citrobacter_braakii,VF0408,-99.90620777077415,NA,4.0858767050468727e-44,NA,NA,NA
fixed,cond,host_type_2wild,-1.4642707334314775,1.5379761951465976,-0.9520763312542074,0.3410582716940904,citrobacter_braakii,VF0823,-1.4642707334314775,1.5379761951465976,0.23124657039324845,0.01134810991858492,4.712236372601844,0.6505370737868762
fixed,cond,host_type_2wild,-193.51149107056293,NA,NA,NA,citrobacter_braakii,VF1233,-193.51149107056293,NA,9.099703530543647e-85,NA,NA,NA
fixed,cond,host_type_2wild,-2.511338661231316,0.7465607110963205,-3.3638773430005826,7.685569208043713e-4,citrobacter_braakii,VF0079,-2.511338661231316,0.7465607110963205,0.08115952138410791,0.01878685877333268,0.35061039159177115,0.014392975062336407
fixed,cond,host_type_2wild,-27789.917043077545,NA,NA,NA,citrobacter_braakii,VF0124,-27789.917043077545,NA,0,NA,NA,NA
fixed,cond,host_type_2wild,-117.85725687929956,NA,NA,NA,citrobacter_braakii,VF1036,-117.85725687929956,NA,6.53497130693413e-52,NA,NA,NA
fixed,cond,host_type_2wild,2.5714131918626437,1.176309311234142,2.186000881999997,0.02881554079995524,citrobacter_braakii,VF0207,2.5714131918626437,1.176309311234142,13.084302010813769,1.304535373626522,131.23366569529156,0.1745882766114935
fixed,cond,host_type_2wild,0.7363984748840285,1.481662301458422,0.4970083089508187,0.6191831919958533,enterococcus_hirae,VF0043,0.7363984748840285,1.481662301458422,2.088400526965555,0.11444514703480131,38.109232886072085,0.8848638725600068
fixed,cond,host_type_2wild,0.6614328576544704,0.6286764165997996,1.0521038171462422,0.2927519210420526,enterococcus_hirae,VF0078,0.6614328576544704,0.6286764165997996,1.9375666034998964,0.5650885022901557,6.643498014529547,0.6046511314248462
fixed,cond,host_type_2wild,-428.8949045298691,NA,NA,NA,enterococcus_hirae,VF0079,-428.8949045298691,NA,5.411400111474049e-187,NA,NA,NA
fixed,cond,host_type_2wild,-0.792916083343661,1.4714756755984486,-0.538857757890685,0.5899850065331247,enterococcus_hirae,VF0138,-0.792916083343661,1.4714756755984486,0.4525232738040789,0.025298544677879238,8.094430566728063,0.8743662686749905
fixed,cond,host_type_2wild,2.6182301192953905,0.7473524218814882,3.503340649788618,4.594614686424181e-4,enterococcus_hirae,VF0213,2.6182301192953905,0.7473524218814882,13.711434493678366,3.1690104314109506,59.32559704157474,0.009464906254033813
fixed,cond,host_type_2wild,-42.8537784646158,NA,NA,NA,enterococcus_hirae,VF0225,-42.8537784646158,NA,2.4481638687806107e-19,NA,NA,NA
fixed,cond,host_type_2wild,-1.767717113331754,0.8157984107229062,-2.1668553040760656,0.03024588893755859,enterococcus_hirae,VF0265,-1.767717113331754,0.8157984107229062,0.1707222839239868,0.03450393172658681,0.8447181747048268,0.17801866060391627
fixed,cond,host_type_2wild,-0.9033232843277684,1.0684396516097285,-0.8454602774867134,0.39785390197338394,enterococcus_hirae,VF0289,-0.9033232843277684,1.0684396516097285,0.40522075579936645,0.04991343861887633,3.289772563746209,0.7189289807589219
fixed,cond,host_type_2wild,3.7376869190937425,1.1881153446514872,3.145895670752512,0.001655790587571114,enterococcus_hirae,VF0350,3.7376869190937425,1.1881153446514872,42.00072664032143,4.0917831112827265,431.1228113363989,0.024363775788546392
fixed,cond,host_type_2wild,-1.5667464456862135,1.322765155582961,-1.184447926431602,0.23623579805419856,enterococcus_hirae,VF0356,-1.5667464456862135,1.322765155582961,0.20872317099589385,0.015617453896704115,2.789530380478673,0.5863201734839145
fixed,cond,host_type_2wild,1.2057962835999436,1.1308046030901677,1.0663170987320398,0.2862803226355964,enterococcus_hirae,VF0581,1.2057962835999436,1.1308046030901677,3.3394171427444483,0.36400752500923617,30.63592394957368,0.6046511314248462
fixed,cond,host_type_2wild,-27.01337988543596,264308.51640975295,-1.022039707701192e-4,0.9999184530298117,enterococcus_hirae,VF0799,-27.01337988543596,264308.51640975295,1.8545484263471156e-12,0,Inf,0.9999184530298117
fixed,cond,host_type_2wild,-0.7440658330834564,0.7773145338533067,-0.9572261943887377,0.3384530984665197,enterococcus_hirae,VF0911,-0.7440658330834564,0.7773145338533067,0.47517798822425694,0.10356018689105471,2.1803178158647736,0.6505370737868762
fixed,cond,host_type_2wild,0.041669627380314184,0.7066450047033523,0.058968261436740756,0.9529773878090874,enterococcus_hirae,VF0923,0.041669627380314184,0.7066450047033523,1.0425499918774113,0.260968757513389,4.164906542530578,0.9999184530298117
fixed,cond,host_type_2wild,-27789.917043076945,NA,NA,NA,enterococcus_hirae,VF0936,-27789.917043076945,NA,0,NA,NA,NA
fixed,cond,host_type_2wild,0.030954196382222358,1.307899572070824,0.023667104908683432,0.9811181451323113,enterococcus_hirae,VF1220,0.030954196382222358,1.307899572070824,1.0314382592007565,0.07945781994302549,13.389051993950021,0.9999184530298117
fixed,cond,host_type_2wild,-41.02961826330119,NA,NA,NA,enterococcus_hirae,VF1233,-41.02961826330119,NA,1.5172711276376066e-18,NA,NA,NA
fixed,cond,host_type_2wild,-0.9499089126001359,1.0665525056802967,-0.8906349265892352,0.3731250555233573,enterococcus_hirae,VF0445,-0.9499089126001359,1.0665525056802967,0.38677625229317575,0.04781806300493684,3.128438500792259,0.6924663192595639
fixed,cond,host_type_2wild,2.608669619849161,0.6876985467246874,3.7933330414518283,1.4863858454573054e-4,enterococcus_hirae,VF0566,2.608669619849161,0.6876985467246874,13.580970973729523,3.528174040970974,52.27711854558174,0.0038274435520525615
fixed,cond,host_type_2wild,-85.13705021201204,NA,NA,NA,enterococcus_hirae,VF0586,-85.13705021201204,NA,1.0603491373682088e-37,NA,NA,NA
fixed,cond,host_type_2wild,-62.788246675094335,NA,NA,NA,enterococcus_hirae,VF0815,-62.788246675094335,NA,5.387793482946078e-28,NA,NA,NA
fixed,cond,host_type_2wild,-0.5538048404054979,0.8832777271874788,-0.6269883450689014,0.5306668750019987,enterococcus_hirae,VF0668,-0.5538048404054979,0.8832777271874788,0.5747587793349935,0.10177109180310158,3.2459871321984197,0.8300823813562428
fixed,cond,host_type_2wild,2.883623419222643,1.3067719427078626,2.2066768691461687,0.02733664235753132,enterococcus_hirae,VF1146,2.883623419222643,1.3067719427078626,17.878938844144063,1.3803683881991362,231.57329371304678,0.1745882766114935
fixed,cond,host_type_2wild,-1.0620920974431596,1.486709989215858,-0.7143909068663374,0.47498549320168426,enterococcus_hirae,VF0068,-1.0620920974431596,1.486709989215858,0.34573174868295214,0.018759712206882564,6.37165649073863,0.8124219852271308
fixed,cond,host_type_2wild,0.175578393774635,0.9417384863133484,0.18644071186044114,0.8520991686288019,enterococcus_hirae,VF0823,0.175578393774635,0.9417384863133484,1.1919354253058991,0.1882039545811238,7.5487789895869,0.9999184530298117
fixed,cond,host_type_2wild,-3.1442223850650404,1.1404421693441003,-2.757020451877336,0.005833070302556126,enterococcus_hirae,VF1120,-3.1442223850650404,1.1404421693441003,0.04310042655450946,0.004610176958219064,0.40294478628826513,0.06324276222771379
fixed,cond,host_type_2wild,-16.283836532106996,2352.8953402076363,-0.00692076534550406,0.9944780722625404,enterococcus_hirae,VF1237,-16.283836532106996,2352.8953402076363,8.472657482755118e-8,0,Inf,0.9999184530298117
fixed,cond,host_type_2wild,-2.7098695385859672,0.885182536910611,-3.0613680518864776,0.002203280781125163,enterococcus_hirae,VF0818,-2.7098695385859672,0.885182536910611,0.06654548776716497,0.011739133075877678,0.37722563613061527,0.028367240056986473
fixed,cond,host_type_2wild,128.1156478954666,NA,NA,NA,enterococcus_hirae,VF0836,128.1156478954666,NA,43643435162800855e39,NA,NA,NA
fixed,cond,host_type_2wild,-377664.9548119305,NA,NA,NA,enterococcus_hirae,VF0972,-377664.9548119305,NA,0,NA,NA,NA
fixed,cond,host_type_2wild,-1.5798541767068404,1.2891405609853697,-1.2255096337200502,0.22038326257417892,enterococcus_hirae,VF0429,-1.5798541767068404,1.2891405609853697,0.20600513636209086,0.016464155151742165,2.577606674404611,0.5658647601633927
fixed,cond,host_type_2wild,-428.8949045298691,NA,NA,NA,enterococcus_hirae,VF0301,-428.8949045298691,NA,5.411400111474049e-187,NA,NA,NA
fixed,cond,host_type_2wild,1.3599952483748048,1.0190597225342117,1.3345589255482986,0.18202074890619935,enterococcus_hirae,VF0463,1.3599952483748048,1.0190597225342117,3.89617478858894,0.5286853594150774,28.713066690613477,0.5538811641280567
fixed,cond,host_type_2wild,0.25758432856855473,1.2678309606042373,0.20316929982983872,0.8390027075790334,enterococcus_hirae,VF0472,0.25758432856855473,1.2678309606042373,1.2938009107589363,0.10781221079774546,15.526263530769349,0.9999184530298117
fixed,cond,host_type_2wild,2.581531734396706,0.9737506340926235,2.6511220059972254,0.008022485574396006,enterococcus_hirae,VF0562,2.581531734396706,0.9737506340926235,13.21736815965369,1.960070597203556,89.12884123514277,0.06885966784689905
fixed,cond,host_type_2wild,1.302785765311041,1.1660266947293494,1.1172863976441254,0.26387188956161994,enterococcus_hirae,VF0739,1.302785765311041,1.1660266947293494,3.6795327179891095,0.3743266165633872,36.16884406204036,0.6046511314248462
fixed,cond,host_type_2wild,-17.90476561453914,7027.256826610583,-0.002547902553772899,0.9979670700894796,enterococcus_hirae,VF1036,-17.90476561453914,7027.256826610583,1.6751707986356463e-8,0,Inf,0.9999184530298117
fixed,cond,host_type_2wild,-14.820595845777902,2925.038824867645,-0.00506680312062132,0.9959572933151629,akkermansia_muciniphila,VF0014,-14.820595845777902,2925.038824867645,3.6601341698869125e-7,0,Inf,0.9999184530298117
fixed,cond,host_type_2wild,-41061.41354955207,NA,NA,NA,akkermansia_muciniphila,VF0078,-41061.41354955207,NA,0,NA,NA,NA
fixed,cond,host_type_2wild,-0.7578694371187465,1.017731789097475,-0.744665191003639,0.4564741472339747,akkermansia_muciniphila,VF0403,-0.7578694371187465,1.017731789097475,0.46866388193301034,0.06376035072880885,3.4448655272104087,0.7901989439512503
fixed,cond,host_type_2wild,-16.04753951518841,3033.880036314554,-0.005289444316553258,0.9957796537242352,akkermansia_muciniphila,VF0454,-16.04753951518841,3033.880036314554,1.0731048073044977e-7,0,Inf,0.9999184530298117
fixed,cond,host_type_2wild,-40.367941585213174,NA,NA,NA,akkermansia_muciniphila,VF0615,-40.367941585213174,NA,2.9405307394471695e-18,NA,NA,NA
fixed,cond,host_type_2wild,-74.51300413920623,NA,NA,NA,akkermansia_muciniphila,VF0739,-74.51300413920623,NA,4.359267024568901e-33,NA,NA,NA
fixed,cond,host_type_2wild,41061.41354956514,NA,NA,NA,akkermansia_muciniphila,VF0916,41061.41354956514,NA,Inf,NA,NA,NA
fixed,cond,host_type_2wild,-0.9588727668583119,1.7079584908379233,-0.5614145613034714,0.5745149597272871,akkermansia_muciniphila,VF0740,-0.9588727668583119,1.7079584908379233,0.3833247388796249,0.013481034826490582,10.89959764426956,0.8723970730109748
fixed,cond,host_type_2wild,-42.1712740220494,NA,NA,NA,akkermansia_muciniphila,VF1051,-42.1712740220494,NA,4.844493721505635e-19,NA,NA,NA
fixed,cond,host_type_2wild,-24.47386673298748,35043.22465342052,-6.983908294694741e-4,0.9994427647850586,akkermansia_muciniphila,VF1354,-24.47386673298748,35043.22465342052,2.350361838062644e-11,0,Inf,0.9999184530298117
fixed,cond,host_type_2wild,-25.230607574237883,NA,NA,NA,akkermansia_muciniphila,VF0787,-25.230607574237883,NA,1.1027735866342286e-11,NA,NA,NA
fixed,cond,host_type_2wild,-183258.58015197355,NA,NA,NA,akkermansia_muciniphila,VF0721,-183258.58015197355,NA,0,NA,NA,NA
fixed,cond,host_type_2wild,-183258.58015197355,NA,NA,NA,akkermansia_muciniphila,VF1120,-183258.58015197355,NA,0,NA,NA,NA
fixed,cond,host_type_2wild,0.19072009107082877,1.3233969529908496,0.14411404729307056,0.8854104123802956,akkermansia_muciniphila,VF0581,0.19072009107082877,1.3233969529908496,1.2101206810869873,0.09043373225320185,16.192984921758406,0.9999184530298117
fixed,cond,host_type_2wild,-4.893246218487502,2.452850738983313,-1.9949221290634724,0.0460513735805003,bacteroides_fragilis,VF0068,-4.893246218487502,2.452850738983313,0.0074970458815832985,6.12324263223118e-5,0.9179073952535013,0.23138007213617223
fixed,cond,host_type_2wild,49769.08299637458,NA,NA,NA,bacteroides_fragilis,VF0078,49769.08299637458,NA,Inf,NA,NA,NA
fixed,cond,host_type_2wild,1.5452112067356258,1.4284760068680997,1.0817200984169593,0.2793769197282702,bacteroides_fragilis,VF0207,1.5452112067356258,1.4284760068680997,4.688961862774613,0.28518939752092654,77.09390160250067,0.6046511314248462
fixed,cond,host_type_2wild,-2.8392033798579384,1.3992968590984352,-2.0290214770347106,0.04245610283291598,bacteroides_fragilis,VF0321,-2.8392033798579384,1.3992968590984352,0.05847222757031568,0.0037656860230511316,0.9079358651002329,0.21864892958951732
fixed,cond,host_type_2wild,-2.3319962648138306,1.2339740927365188,-1.8898259522145122,0.05878124144017449,bacteroides_fragilis,VF0334,-2.3319962648138306,1.2339740927365188,0.09710171274948218,0.008646631234294938,1.09045272816608,0.2522694945140822
fixed,cond,host_type_2wild,-200.72712479766594,NA,NA,NA,bacteroides_fragilis,VF0344,-200.72712479766594,NA,6.688324442934447e-88,NA,NA,NA
fixed,cond,host_type_2wild,-2.145414358956361,1.0340108881793793,-2.0748469706483172,0.038000719765681125,bacteroides_fragilis,VF0356,-2.145414358956361,1.0340108881793793,0.11701953890298704,0.015420219136086995,0.8880271002778074,0.20922508343989402
fixed,cond,host_type_2wild,-4.83836786806662,3.8640156241889927,-1.2521605341805861,0.21051137354005575,bacteroides_fragilis,VF0454,-4.83836786806662,3.8640156241889927,0.007919969944363354,4.070118304542565e-6,15.411326950769949,0.5641227275434936
fixed,cond,host_type_2wild,-0.3811117900920067,1.8256679167344552,-0.20875197871346485,0.8346418607766124,bacteroides_fragilis,VF0562,-0.3811117900920067,1.8256679167344552,0.6831015213694486,0.019074156806737328,24.463869791215835,0.9999184530298117
fixed,cond,host_type_2wild,1.645614127435915,1.3187361511836142,1.2478721584745485,0.21207787800755554,bacteroides_fragilis,VF0586,1.645614127435915,1.3187361511836142,5.184192684493584,0.3909761458617824,68.74039266696832,0.5641227275434936
fixed,cond,host_type_2wild,-14.726255952198075,948.4774460618028,-0.015526205724072128,0.9876123778666048,bacteroides_fragilis,VF0720,-14.726255952198075,948.4774460618028,4.0222429659405505e-7,0,Inf,0.9999184530298117
fixed,cond,host_type_2wild,0.6277004090548093,0.9411414163705346,0.6669565254874288,0.5047999033438858,bacteroides_fragilis,VF0823,0.6277004090548093,0.9411414163705346,1.8732978036880434,0.29613591225087577,11.850115153644518,0.8300823813562428
fixed,cond,host_type_2wild,-74.51300413920623,NA,NA,NA,bacteroides_fragilis,VF1146,-74.51300413920623,NA,4.359267024568901e-33,NA,NA,NA
fixed,cond,host_type_2wild,-56373.53500493828,NA,NA,NA,bacteroides_fragilis,VF0482,-56373.53500493828,NA,0,NA,NA,NA
fixed,cond,host_type_2wild,-48.35397861844219,NA,NA,NA,bacteroides_fragilis,VF0615,-48.35397861844219,NA,1.0003083819727152e-21,NA,NA,NA
fixed,cond,host_type_2wild,-23.185716962335707,56795.69290832007,-4.0823019801452593e-4,0.9996742794367977,bacteroides_fragilis,VF0936,-23.185716962335707,56795.69290832007,8.522579562757111e-11,0,Inf,0.9999184530298117
fixed,cond,host_type_2wild,-2.311050462162909,1.32741160807326,-1.7410202292244545,0.08168003266886237,bacteroides_fragilis,VF1051,-2.311050462162909,1.32741160807326,0.0991570361174119,0.0073520417590540324,1.3373316058061673,0.300465834460458
fixed,cond,host_type_2wild,-26.833885803291118,NA,NA,NA,bacteroides_fragilis,VF1243,-26.833885803291118,NA,2.2191745726830065e-12,NA,NA,NA
fixed,cond,host_type_2wild,-74.51300413920623,NA,NA,NA,bacteroides_fragilis,VF0566,-74.51300413920623,NA,4.359267024568901e-33,NA,NA,NA
fixed,cond,host_type_2wild,-3.699897436950795,1.8074375001982144,-2.047040318984774,0.040654125962943474,bacteroides_fragilis,VF0679,-3.699897436950795,1.8074375001982144,0.024726062320641333,7.15538653519226e-4,0.8544306514781617,0.2147371781632399
fixed,cond,host_type_2wild,-183258.58015197355,NA,NA,NA,bacteroides_fragilis,VF0721,-183258.58015197355,NA,0,NA,NA,NA
fixed,cond,host_type_2wild,-48.312025441219916,NA,NA,NA,bacteroides_fragilis,VF0213,-48.312025441219916,NA,1.0431672434759599e-21,NA,NA,NA
fixed,cond,host_type_2wild,-15.422330582400926,4042.2487201780295,-0.0038152849193608483,0.996955850453089,bacteroides_fragilis,VF0369,-15.422330582400926,4042.2487201780295,2.005242635316803e-7,0,Inf,0.9999184530298117
fixed,cond,host_type_2wild,-56373.53500493828,NA,NA,NA,bacteroides_fragilis,VF0681,-56373.53500493828,NA,0,NA,NA,NA
fixed,cond,host_type_2wild,-183258.58015197355,NA,NA,NA,bacteroides_fragilis,VF1031,-183258.58015197355,NA,0,NA,NA,NA
fixed,cond,host_type_2wild,-30.662078977833207,NA,NA,NA,bacteroides_fragilis,VF1120,-30.662078977833207,NA,4.8264553877898855e-14,NA,NA,NA
fixed,cond,host_type_2wild,-183258.58015197355,NA,NA,NA,bacteroides_fragilis,VF0083,-183258.58015197355,NA,0,NA,NA,NA
fixed,cond,host_type_2wild,-905.6221988216026,NA,NA,NA,bacteroides_fragilis,VF0430,-905.6221988216026,NA,0,NA,NA,NA
fixed,cond,host_type_2wild,-29.541828304776388,NA,NA,NA,bacteroides_fragilis,VF0668,-29.541828304776388,NA,1.479609059870135e-13,NA,NA,NA
fixed,cond,host_type_2wild,0.22266372709541643,1.8800705858546076,0.11843370603779863,0.9057240201506329,bacteroides_fragilis,VF0315,0.22266372709541643,1.8800705858546076,1.249400363598047,0.0313583524616444,49.77944139342948,0.9999184530298117
fixed,cond,host_type_2wild,0.5833433715973391,0.933181930911847,0.6251121590270532,0.5318974482476896,bacteroides_fragilis,VF0519,0.5833433715973391,0.933181930911847,1.7920198143334676,0.28774137292112595,11.16049104222502,0.8300823813562428
