bacterial_species	ID	source	species	gtdb_taxonomy	host_species	host_order	host_class	isolation_source	host	host_summary	country	locality	completeness	contamination	genome_size	GC	N50	contigs	collection_date	ncbi_biosample	mag_name	eha_number	gtdb_representative	mimag_high_quality	mimag_medium_quality	common_name	sample_name	external_id	submitter_id	env_broad	env_medium	env_local	env_local_context	host_status	disease	diagnosis	latitude	longitude	accession	host_type	country_simple	country_normalized	continent	ID_clean	host_disease	host_age	country_grouped
akkermansia_muciniphila	EHM049281	EHI	s__Akkermansia muciniphila	NA	Lepus europaeus	Lagomorpha	Mammalia	host-associated	NA	NA	Spain	Nafarroa	100	0.23	2692978	56	219762	28	NA	NA	EHA03306_bin.106.fa	EHA03306	NA	NA	NA	NA	NA	NA	NA	NA	NA	NA	NA	NA	NA	NA	NA	NA	NA	animal	Spain	Spain	Europe	EHM049281	NA	NA	Spain
akkermansia_muciniphila	EHM046625	EHI	s__Akkermansia muciniphila	NA	Lepus europaeus	Lagomorpha	Mammalia	host-associated	NA	NA	Spain	Nafarroa	100	0.28	2686383	56	219762	26	NA	NA	EHA03296_bin.12.fa	EHA03296	NA	NA	NA	NA	NA	NA	NA	NA	NA	NA	NA	NA	NA	NA	NA	NA	NA	animal	Spain	Spain	Europe	EHM046625	NA	NA	Spain
akkermansia_muciniphila	GCF_002885255.1	NCBI	NA	NA	Homo sapiens	Primates	Mammalia	gut microbiota	Homo sapiens	NA	China	NA	100	0.35	2824426	55.5	NA	NA	2015	NA	NA	NA	NA	NA	NA	NA	NA	NA	NA	NA	NA	NA	NA	NA	NA	NA	NA	NA	NA	human	China	China	Asia	GCF_002885255.1	NA	NA	China
akkermansia_muciniphila	GCF_002885655.1	NCBI	NA	NA	Homo sapiens	Primates	Mammalia	gut microbiota	Homo sapiens	NA	China	NA	100	0.35	2838669	55.5	NA	NA	2015	NA	NA	NA	NA	NA	NA	NA	NA	NA	NA	NA	NA	NA	NA	NA	NA	NA	NA	NA	NA	human	China	China	Asia	GCF_002885655.1	NA	NA	China
akkermansia_muciniphila	GCF_004104435.1	NCBI	NA	NA	Homo sapiens	Primates	Mammalia	human feces	Homo sapiens	NA	missing	NA	100	0.35	2860407	55.5	NA	NA	missing	NA	NA	NA	NA	NA	NA	NA	NA	NA	NA	NA	NA	NA	NA	NA	NA	NA	NA	NA	NA	human	missing	Missing	NA	GCF_004104435.1	NA	NA	NA
akkermansia_muciniphila	GCF_008423265.1	NCBI	NA	NA	Homo sapiens	Primates	Mammalia	fecal material	Homo sapiens	NA	USA:Boston	NA	100	0.35	2881414	54.5	NA	NA	2016-01-11	NA	NA	NA	NA	NA	NA	NA	NA	NA	NA	NA	NA	NA	NA	NA	NA	NA	NA	NA	NA	human	USA	United States	Americas	GCF_008423265.1	NA	NA	United States
akkermansia_muciniphila	GCF_010509235.1	NCBI	NA	NA	Homo sapiens	Primates	Mammalia	human feces	NA	NA	na	NA	100	0.35	2878261	55.5	NA	NA	na	NA	NA	NA	NA	NA	NA	NA	NA	NA	NA	NA	NA	NA	NA	NA	NA	NA	NA	NA	NA	human	na	None	NA	GCF_010509235.1	NA	NA	None
akkermansia_muciniphila	GCF_046045155.1	NCBI	NA	NA	Homo sapiens	Primates	Mammalia	stool, healthy person	Homo sapiens	NA	China:Harbin	NA	100	0.35	2792574	55.5	NA	NA	2022-09-01	NA	NA	NA	NA	NA	NA	NA	NA	NA	NA	NA	NA	NA	NA	NA	NA	NA	NA	NA	NA	human	China	China	Asia	GCF_046045155.1	NA	NA	China
akkermansia_muciniphila	EHM038031	EHI	s__Akkermansia muciniphila	NA	Sciurus vulgaris	Rodentia	Mammalia	host-associated	NA	NA	Italy	Lombardy, Varese	100	0.48	2741858	55	112004	34	NA	NA	EHA02450_bin.6.fa	EHA02450	NA	NA	NA	NA	NA	NA	NA	NA	NA	NA	NA	NA	NA	NA	NA	NA	NA	animal	Italy	Italy	Europe	EHM038031	NA	NA	Italy
akkermansia_muciniphila	EHM048605	EHI	s__Akkermansia muciniphila	NA	Lepus europaeus	Lagomorpha	Mammalia	host-associated	NA	NA	Spain	Nafarroa	100	0.66	2813053	55	219762	26	NA	NA	EHA03343_bin.14.fa	EHA03343	NA	NA	NA	NA	NA	NA	NA	NA	NA	NA	NA	NA	NA	NA	NA	NA	NA	animal	Spain	Spain	Europe	EHM048605	NA	NA	Spain
bacteroides_fragilis	EHM040221	EHI	s__Bacteroides fragilis	NA	Cathartes aura	Accipitriformes	Aves	host-associated	NA	NA	United States	Florida, Lake Butler	99.72	0.97	5006847	43	222857	56	NA	NA	EHA02637_bin.34.fa	EHA02637	NA	NA	NA	NA	NA	NA	NA	NA	NA	NA	NA	NA	NA	NA	NA	NA	NA	animal	United States	United States	Americas	EHM040221	NA	NA	United States
bacteroides_fragilis	GCF_003464385.1	NCBI	NA	NA	Homo sapiens	Primates	Mammalia	feces	Homo sapiens	NA	China: Shenzhen	NA	99.39	0.11	5170789	43.5	NA	NA	2013-11-01	NA	NA	NA	NA	NA	NA	NA	NA	NA	NA	NA	NA	NA	NA	NA	NA	NA	NA	NA	NA	human	China	China	Asia	GCF_003464385.1	NA	NA	China
bacteroides_fragilis	GCF_004167855.1	NCBI	NA	NA	Homo sapiens	Primates	Mammalia	stool	Homo sapiens	NA	USA: Cambridge	NA	99.39	0.11	5209622	43.5	NA	NA	2015-01	NA	NA	NA	NA	NA	NA	NA	NA	NA	NA	NA	NA	NA	NA	NA	NA	NA	NA	NA	NA	human	USA	United States	Americas	GCF_004167855.1	NA	NA	United States
bacteroides_fragilis	GCF_003458955.1	NCBI	NA	NA	Homo sapiens	Primates	Mammalia	feces	Homo sapiens	NA	China: Shenzhen	NA	99.39	0.16	5224118	43	NA	NA	2013-12-01	NA	NA	NA	NA	NA	NA	NA	NA	NA	NA	NA	NA	NA	NA	NA	NA	NA	NA	NA	NA	human	China	China	Asia	GCF_003458955.1	NA	NA	China
bacteroides_fragilis	GCF_003363115.1	NCBI	NA	NA	Homo sapiens	Primates	Mammalia	feces	Homo sapiens	NA	China	NA	99.39	0.26	5252832	43.5	NA	NA	2017-04-03	NA	NA	NA	NA	NA	NA	NA	NA	NA	NA	NA	NA	NA	NA	NA	NA	NA	NA	NA	NA	human	China	China	Asia	GCF_003363115.1	NA	NA	China
bacteroides_fragilis	GCF_019733435.1	NCBI	NA	NA	Homo sapiens	Primates	Mammalia	fecal sample	Homo sapiens	NA	China	NA	99.39	0.26	5282608	43.5	NA	NA	2019-01-10	NA	NA	NA	NA	NA	NA	NA	NA	NA	NA	NA	NA	NA	NA	NA	NA	NA	NA	NA	NA	human	China	China	Asia	GCF_019733435.1	NA	NA	China
bacteroides_fragilis	GCF_015548825.1	NCBI	NA	NA	Homo sapiens	Primates	Mammalia	stool	Homo sapiens	NA	USA	NA	99.39	0.28	5157891	43	NA	NA	2015-04-20	NA	NA	NA	NA	NA	NA	NA	NA	NA	NA	NA	NA	NA	NA	NA	NA	NA	NA	NA	NA	human	USA	United States	Americas	GCF_015548825.1	NA	NA	United States
bacteroides_fragilis	GCF_026966015.1	NCBI	NA	NA	Homo sapiens	Primates	Mammalia	feces	Homo sapiens	NA	Denmark	NA	99.39	0.28	5056184	43	NA	NA	2009	NA	NA	NA	NA	NA	NA	NA	NA	NA	NA	NA	NA	NA	NA	NA	NA	NA	NA	NA	NA	human	Denmark	Denmark	Europe	GCF_026966015.1	NA	NA	Denmark
bacteroides_fragilis	GCF_003468145.1	NCBI	NA	NA	Homo sapiens	Primates	Mammalia	feces	Homo sapiens	NA	China: Shenzhen	NA	99.39	0.44	5165672	43	NA	NA	2014-01-01	NA	NA	NA	NA	NA	NA	NA	NA	NA	NA	NA	NA	NA	NA	NA	NA	NA	NA	NA	NA	human	China	China	Asia	GCF_003468145.1	NA	NA	China
bacteroides_fragilis	GCF_015551365.1	NCBI	NA	NA	Homo sapiens	Primates	Mammalia	stool	Homo sapiens	NA	USA	NA	99.39	0.46	5277783	43.5	NA	NA	2016-09-19	NA	NA	NA	NA	NA	NA	NA	NA	NA	NA	NA	NA	NA	NA	NA	NA	NA	NA	NA	NA	human	USA	United States	Americas	GCF_015551365.1	NA	NA	United States
bacteroides_uniformis	GCF_003475375.1	GTDB	NA	d__Bacteria;p__Bacteroidota;c__Bacteroidia;o__Bacteroidales;f__Bacteroidaceae;g__Bacteroides;s__Bacteroides uniformis	Homo sapiens	Primates	Mammalia	feces	Homo sapiens	NA	China: Shenzhen	NA	100	0.14	4425688	46.43034844419619	220580	NA	2014-01-01	SAMN09734589	NA	NA	FALSE	NA	NA	NA	NA	NA	NA	NA	NA	NA	NA	NA	NA	NA	NA	NA	RS_GCF_003475375.1	human	China	China	Asia	GCF_003475375.1	NA	NA	China
bacteroides_uniformis	GCF_019129685.1	GTDB	NA	d__Bacteria;p__Bacteroidota;c__Bacteroidia;o__Bacteroidales;f__Bacteroidaceae;g__Bacteroides;s__Bacteroides uniformis	Homo sapiens	Primates	Mammalia	fecal sample	Homo sapiens	NA	USA: New York	NA	100	0.14	4531263	46.2286342681941	219113	NA	NA	SAMN19731954	NA	NA	FALSE	NA	NA	NA	NA	NA	NA	not applicable	not applicable	not applicable	NA	NA	NA	NA	NA	NA	RS_GCF_019129685.1	human	USA	United States	Americas	GCF_019129685.1	NA	NA	United States
bacteroides_uniformis	GCF_003437205.1	GTDB	NA	d__Bacteria;p__Bacteroidota;c__Bacteroidia;o__Bacteroidales;f__Bacteroidaceae;g__Bacteroides;s__Bacteroides uniformis	Homo sapiens	Primates	Mammalia	feces	Homo sapiens	NA	China: Shenzhen	NA	100	0.21	4748699	46.54895706694571	215163	NA	2013-08-01	SAMN09736902	NA	NA	FALSE	NA	NA	NA	NA	NA	NA	NA	NA	NA	NA	NA	NA	NA	NA	NA	RS_GCF_003437205.1	human	China	China	Asia	GCF_003437205.1	NA	NA	China
bacteroides_uniformis	GCF_003460085.1	GTDB	NA	d__Bacteria;p__Bacteroidota;c__Bacteroidia;o__Bacteroidales;f__Bacteroidaceae;g__Bacteroides;s__Bacteroides uniformis	Homo sapiens	Primates	Mammalia	feces	Homo sapiens	NA	China: Shenzhen	NA	100	0.21	4957414	46.51477526945274	148719	NA	2013-11-01	SAMN09734330	NA	NA	FALSE	NA	NA	NA	NA	NA	NA	NA	NA	NA	NA	NA	NA	NA	NA	NA	RS_GCF_003460085.1	human	China	China	Asia	GCF_003460085.1	NA	NA	China
bacteroides_uniformis	GCF_009020815.1	GTDB	NA	d__Bacteria;p__Bacteroidota;c__Bacteroidia;o__Bacteroidales;f__Bacteroidaceae;g__Bacteroides;s__Bacteroides uniformis	Homo sapiens	Primates	Mammalia	fecal material [ENVO:00002003]	Homo sapiens	NA	USA: Boston	NA	100	0.21	4918178	46.36304190821964	140587	NA	2015-04-01	SAMN11944032	NA	NA	FALSE	NA	NA	NA	NA	NA	NA	bodily fluid material biome [ENVO:02000019]	fecal material [ENVO:00002003]	excreta material [ENVO:02000022]	NA	NA	NA	NA	NA	NA	RS_GCF_009020815.1	human	USA	United States	Americas	GCF_009020815.1	NA	NA	United States
bacteroides_uniformis	GCF_003468325.1	GTDB	NA	d__Bacteria;p__Bacteroidota;c__Bacteroidia;o__Bacteroidales;f__Bacteroidaceae;g__Bacteroides;s__Bacteroides uniformis	Homo sapiens	Primates	Mammalia	feces	Homo sapiens	NA	China: Shenzhen	NA	100	0.22	4425574	46.05414556501509	141682	NA	2013-12-01	SAMN09736495	NA	NA	FALSE	NA	NA	NA	NA	NA	NA	NA	NA	NA	NA	NA	NA	NA	NA	NA	RS_GCF_003468325.1	human	China	China	Asia	GCF_003468325.1	NA	NA	China
bacteroides_uniformis	GCF_020558575.1	GTDB	NA	d__Bacteria;p__Bacteroidota;c__Bacteroidia;o__Bacteroidales;f__Bacteroidaceae;g__Bacteroides;s__Bacteroides uniformis	Homo sapiens	Primates	Mammalia	fecal sample	Homo sapiens	NA	USA: Chicago	NA	100	0.24	4849867	46.07006748844865	206985	NA	NA	SAMN22167526	NA	NA	FALSE	NA	NA	NA	NA	NA	NA	not applicable	NA	NA	NA	NA	NA	NA	NA	NA	RS_GCF_020558575.1	human	USA	United States	Americas	GCF_020558575.1	NA	NA	United States
bacteroides_uniformis	GCF_009020315.1	GTDB	NA	d__Bacteria;p__Bacteroidota;c__Bacteroidia;o__Bacteroidales;f__Bacteroidaceae;g__Bacteroides;s__Bacteroides uniformis	Homo sapiens	Primates	Mammalia	fecal material [ENVO:00002003]	Homo sapiens	NA	USA: Boston	NA	100	0.25	4906995	46.40274303415037	271127	NA	2015-12-09	SAMN11944059	NA	NA	FALSE	NA	NA	NA	NA	NA	NA	bodily fluid material biome [ENVO:02000019]	fecal material [ENVO:00002003]	excreta material [ENVO:02000022]	NA	NA	NA	NA	NA	NA	RS_GCF_009020315.1	human	USA	United States	Americas	GCF_009020315.1	NA	NA	United States
bacteroides_uniformis	GCF_009020155.1	GTDB	NA	d__Bacteria;p__Bacteroidota;c__Bacteroidia;o__Bacteroidales;f__Bacteroidaceae;g__Bacteroides;s__Bacteroides uniformis	Homo sapiens	Primates	Mammalia	fecal material [ENVO:00002003]	Homo sapiens	NA	USA: Boston	NA	100	0.26	4995965	46.33795126075584	271127	NA	2015-12-09	SAMN11944065	NA	NA	FALSE	NA	NA	NA	NA	NA	NA	bodily fluid material biome [ENVO:02000019]	fecal material [ENVO:00002003]	excreta material [ENVO:02000022]	NA	NA	NA	NA	NA	NA	RS_GCF_009020155.1	human	USA	United States	Americas	GCF_009020155.1	NA	NA	United States
bacteroides_uniformis	GCF_027671165.1	GTDB	NA	d__Bacteria;p__Bacteroidota;c__Bacteroidia;o__Bacteroidales;f__Bacteroidaceae;g__Bacteroides;s__Bacteroides uniformis	Homo sapiens	Primates	Mammalia	fecal material [ENVO:00002003]	Homo sapiens	NA	China: Shenzhen	NA	100	0.26	4672098	46.18218002507685	231214	NA	2014-02-01	SAMN31809101	NA	NA	FALSE	NA	NA	NA	NA	NA	NA	microbial community [PCO:1000004]	fecal material [ENVO:00002003]	fecal material [ENVO:00002003]	NA	NA	NA	NA	NA	NA	RS_GCF_027671165.1	human	China	China	Asia	GCF_027671165.1	NA	NA	China
citrobacter_braakii	EHM042977	EHI	s__Citrobacter braakii	NA	Podarcis liolepis	Squamata	Reptilia	host-associated	NA	NA	Spain	Catalunya	100	0.06	4628168	52	76921	99	NA	NA	EHA02875_bin.42.fa	EHA02875	NA	NA	NA	NA	NA	NA	NA	NA	NA	NA	NA	NA	NA	NA	NA	NA	NA	animal	Spain	Spain	Europe	EHM042977	NA	NA	Spain
citrobacter_braakii	GCF_030131705.1	GTDB	NA	d__Bacteria;p__Pseudomonadota;c__Gammaproteobacteria;o__Enterobacterales;f__Enterobacteriaceae;g__Citrobacter;s__Citrobacter braakii	Homo sapiens	Primates	Mammalia	feces	Homo sapiens	NA	Ireland	NA	100	0.11	4901856	52.206388763766206	951793	54	2021	SAMN33657869	NA	NA	FALSE	NA	NA	NA	NA	NA	NA	NA	NA	NA	NA	NA	NA	NA	NA	NA	RS_GCF_030131705.1	human	Ireland	Ireland	Europe	GCF_030131705.1	NA	NA	NA
citrobacter_braakii	EHM034508	EHI	s__Citrobacter braakii	NA	Lissotriton helveticus	Urodela	Amphibia	host-associated	NA	NA	Spain	Irun	100	0.15	4944607	52	95467	89	NA	NA	EHA02345_bin.1.fa	EHA02345	NA	NA	NA	NA	NA	NA	NA	NA	NA	NA	NA	NA	NA	NA	NA	NA	NA	animal	Spain	Spain	Europe	EHM034508	NA	NA	Spain
citrobacter_braakii	EHM066268	EHI	s__Citrobacter braakii	NA	Plecotus auritus	Chiroptera	Mammalia	host-associated	NA	NA	Spain	León	100	0.16	4961447	52	363331	34	NA	NA	EHA04718_bin.4.fa	EHA04718	NA	NA	NA	NA	NA	NA	NA	NA	NA	NA	NA	NA	NA	NA	NA	NA	NA	animal	Spain	Spain	Europe	EHM066268	NA	NA	Spain
citrobacter_braakii	EHM081080	EHI	s__Citrobacter braakii	NA	Chalcides striatus	Squamata	Reptilia	host-associated	NA	NA	Portugal	Arouca	100	0.17	5241026	52	191787	62	NA	NA	EHA05449_bin.8.fa	EHA05449	NA	NA	NA	NA	NA	NA	NA	NA	NA	NA	NA	NA	NA	NA	NA	NA	NA	animal	Portugal	Portugal	Europe	EHM081080	NA	NA	Portugal
citrobacter_braakii	EHM082134	EHI	s__Citrobacter braakii	NA	Timon lepidus	Squamata	Reptilia	host-associated	NA	NA	Portugal	Arouca	100	0.28	5272071	52	452413	29	NA	NA	EHA05495_bin.11.fa	EHA05495	NA	NA	NA	NA	NA	NA	NA	NA	NA	NA	NA	NA	NA	NA	NA	NA	NA	animal	Portugal	Portugal	Europe	EHM082134	NA	NA	Portugal
citrobacter_braakii	EHM036539	EHI	s__Citrobacter braakii	NA	Lissotriton helveticus	Urodela	Amphibia	host-associated	NA	NA	Spain	Irun	100	0.33	5061706	52	101425	92	NA	NA	EHA02398_bin.58.fa	EHA02398	NA	NA	NA	NA	NA	NA	NA	NA	NA	NA	NA	NA	NA	NA	NA	NA	NA	animal	Spain	Spain	Europe	EHM036539	NA	NA	Spain
citrobacter_braakii	GCF_014230105.1	GTDB	NA	d__Bacteria;p__Pseudomonadota;c__Gammaproteobacteria;o__Enterobacterales;f__Enterobacteriaceae;g__Citrobacter;s__Citrobacter braakii	Vulpes zerda	Carnivora	Mammalia	feces	Vulpes zerda	NA	China: Tianjin	NA	100	0.51	5297304	51.99367451820776	627142	216	2018-11-01	SAMN15770406	NA	NA	FALSE	NA	NA	NA	NA	NA	NA	NA	NA	NA	NA	NA	NA	NA	NA	NA	RS_GCF_014230105.1	animal	China	China	Asia	GCF_014230105.1	NA	NA	China
citrobacter_braakii	GCF_030357945.1	GTDB	NA	d__Bacteria;p__Pseudomonadota;c__Gammaproteobacteria;o__Enterobacterales;f__Enterobacteriaceae;g__Citrobacter;s__Citrobacter braakii	Homo sapiens	Primates	Mammalia	feces	Homo sapiens	NA	Japan	NA	100	0.54	4959775	52.197629932809456	156118	227	2014	SAMN35654568	NA	NA	FALSE	NA	NA	NA	NA	NA	NA	NA	NA	NA	NA	NA	NA	NA	NA	NA	RS_GCF_030357945.1	human	Japan	Japan	Asia	GCF_030357945.1	NA	NA	Japan
citrobacter_braakii	GCF_018138525.1	GTDB	NA	d__Bacteria;p__Pseudomonadota;c__Gammaproteobacteria;o__Enterobacterales;f__Enterobacteriaceae;g__Citrobacter;s__Citrobacter braakii	Homo sapiens	Primates	Mammalia	feces	Homo sapiens	NA	Russia: Moscow region	NA	100	0.74	5142092	51.92791183043789	120908	108	2019-04-19	SAMN18437201	NA	NA	FALSE	NA	NA	NA	NA	NA	NA	NA	NA	NA	NA	NA	NA	NA	NA	NA	RS_GCF_018138525.1	human	Russia	Russia	Europe	GCF_018138525.1	NA	NA	NA
enterococcus_faecalis	GCF_027690295.1	GTDB	NA	d__Bacteria;p__Bacillota;c__Bacilli;o__Lactobacillales;f__Enterococcaceae;g__Enterococcus;s__Enterococcus faecalis	Homo sapiens	Primates	Mammalia	fecal material [ENVO:00002003]	Homo sapiens	NA	China: Shenzhen	NA	100	0.03	2829318	37.56493660264843	1469965	20	2014-02-01	SAMN31809840	NA	NA	FALSE	NA	NA	NA	NA	NA	NA	microbial community [PCO:1000004]	fecal material [ENVO:00002003]	fecal material [ENVO:00002003]	NA	NA	NA	NA	NA	NA	RS_GCF_027690295.1	human	China	China	Asia	GCF_027690295.1	NA	NA	China
enterococcus_faecalis	GCF_027690315.1	GTDB	NA	d__Bacteria;p__Bacillota;c__Bacilli;o__Lactobacillales;f__Enterococcaceae;g__Enterococcus;s__Enterococcus faecalis	Homo sapiens	Primates	Mammalia	fecal material [ENVO:00002003]	Homo sapiens	NA	China: Shenzhen	NA	100	0.03	2829198	37.56007108853973	232725	25	2014-02-01	SAMN31809836	NA	NA	FALSE	NA	NA	NA	NA	NA	NA	microbial community [PCO:1000004]	fecal material [ENVO:00002003]	fecal material [ENVO:00002003]	NA	NA	NA	NA	NA	NA	RS_GCF_027690315.1	human	China	China	Asia	GCF_027690315.1	NA	NA	China
enterococcus_faecalis	GCF_027690375.1	GTDB	NA	d__Bacteria;p__Bacillota;c__Bacilli;o__Lactobacillales;f__Enterococcaceae;g__Enterococcus;s__Enterococcus faecalis	Homo sapiens	Primates	Mammalia	fecal material [ENVO:00002003]	Homo sapiens	NA	China: Shenzhen	NA	100	0.03	2825875	37.555253970978285	1450887	29	2014-02-01	SAMN31809833	NA	NA	FALSE	NA	NA	NA	NA	NA	NA	microbial community [PCO:1000004]	fecal material [ENVO:00002003]	fecal material [ENVO:00002003]	NA	NA	NA	NA	NA	NA	RS_GCF_027690375.1	human	China	China	Asia	GCF_027690375.1	NA	NA	China
enterococcus_faecalis	GCF_027690955.1	GTDB	NA	d__Bacteria;p__Bacillota;c__Bacilli;o__Lactobacillales;f__Enterococcaceae;g__Enterococcus;s__Enterococcus faecalis	Homo sapiens	Primates	Mammalia	fecal material [ENVO:00002003]	Homo sapiens	NA	China: Shenzhen	NA	100	0.03	2827454	37.55758054202106	380834	30	2014-02-01	SAMN31809832	NA	NA	FALSE	NA	NA	NA	NA	NA	NA	microbial community [PCO:1000004]	fecal material [ENVO:00002003]	fecal material [ENVO:00002003]	NA	NA	NA	NA	NA	NA	RS_GCF_027690955.1	human	China	China	Asia	GCF_027690955.1	NA	NA	China
enterococcus_faecalis	GCF_030405205.1	GTDB	NA	d__Bacteria;p__Bacillota;c__Bacilli;o__Lactobacillales;f__Enterococcaceae;g__Enterococcus;s__Enterococcus faecalis	Ciconia ciconia	Ciconiiformes	Aves	feces	Ciconia ciconia	NA	Poland	NA	100	0.03	2827465	37.63049233147006	321540	76	2020	SAMN33575959	NA	NA	FALSE	NA	NA	NA	NA	NA	NA	NA	NA	NA	NA	NA	NA	NA	NA	NA	RS_GCF_030405205.1	animal	Poland	Poland	Europe	GCF_030405205.1	NA	NA	Poland
enterococcus_faecalis	GCF_020783075.1	GTDB	NA	d__Bacteria;p__Bacillota;c__Bacilli;o__Lactobacillales;f__Enterococcaceae;g__Enterococcus;s__Enterococcus faecalis	Rhinolophus capensis	Chiroptera	Mammalia	feces	Rhinolophus capensis	NA	South Africa: Northwest of Grahamstown	NA	100	0.05	3267333	37.01263385152355	68684	144	2019-04	SAMN22307044	NA	NA	FALSE	NA	NA	NA	NA	NA	NA	NA	NA	NA	NA	NA	NA	NA	NA	NA	RS_GCF_020783075.1	animal	South Africa	South Africa	Africa	GCF_020783075.1	NA	NA	NA
enterococcus_faecalis	GCF_027678445.1	GTDB	NA	d__Bacteria;p__Bacillota;c__Bacilli;o__Lactobacillales;f__Enterococcaceae;g__Enterococcus;s__Enterococcus faecalis	Homo sapiens	Primates	Mammalia	fecal material [ENVO:00002003]	Homo sapiens	NA	China: Shenzhen	NA	100	0.05	2815158	37.5300099257452	218324	41	2014-02-01	SAMN31809387	NA	NA	FALSE	NA	NA	NA	NA	NA	NA	microbial community [PCO:1000004]	fecal material [ENVO:00002003]	fecal material [ENVO:00002003]	NA	NA	NA	NA	NA	NA	RS_GCF_027678445.1	human	China	China	Asia	GCF_027678445.1	NA	NA	China
enterococcus_faecalis	GCF_002141395.1	GTDB	NA	d__Bacteria;p__Bacillota;c__Bacilli;o__Lactobacillales;f__Enterococcaceae;g__Enterococcus;s__Enterococcus faecalis	Corallus caninus	Squamata	Reptilia	feces	Corallus caninus	NA	Netherlands: Utrecht	NA	100	0.06	2953354	37.60545819179536	434022	19	unknown	SAMN04634022	NA	NA	FALSE	NA	NA	NA	NA	NA	NA	NA	NA	NA	NA	NA	NA	NA	NA	NA	RS_GCF_002141395.1	animal	Netherlands	Netherlands	Europe	GCF_002141395.1	missing	missing	Netherlands
enterococcus_faecalis	GCF_014243495.1	GTDB	NA	d__Bacteria;p__Bacillota;c__Bacilli;o__Lactobacillales;f__Enterococcaceae;g__Enterococcus;s__Enterococcus faecalis	Spheniscus magellanicus	Sphenisciformes	Aves	feces	Spheniscus magellanicus (Magellanic Penguin)	NA	Brazil: Cidreira	NA	100	0.06	2742168	37.57292741720792	530379	12	2013-10-14	SAMN10983398	NA	NA	FALSE	NA	NA	NA	NA	NA	NA	NA	NA	NA	NA	NA	NA	NA	NA	NA	RS_GCF_014243495.1	animal	Brazil	Brazil	Americas	GCF_014243495.1	NA	NA	Brazil
enterococcus_faecalis	GCF_027672675.1	GTDB	NA	d__Bacteria;p__Bacillota;c__Bacilli;o__Lactobacillales;f__Enterococcaceae;g__Enterococcus;s__Enterococcus faecalis	Homo sapiens	Primates	Mammalia	fecal material [ENVO:00002003]	Homo sapiens	NA	China: Shenzhen	NA	100	0.06	2813407	37.40746296563555	231641	50	2014-02-01	SAMN31809028	NA	NA	FALSE	NA	NA	NA	NA	NA	NA	microbial community [PCO:1000004]	fecal material [ENVO:00002003]	fecal material [ENVO:00002003]	NA	NA	NA	NA	NA	NA	RS_GCF_027672675.1	human	China	China	Asia	GCF_027672675.1	NA	NA	China
enterococcus_hirae	EHM042775	EHI	s__Enterococcus_B hirae	NA	Apodemus sylvaticus	Rodentia	Mammalia	host-associated	NA	NA	NA	NA	100	0.12	2716568	36	152864	37	NA	NA	EHA02748_bin.94.fa	EHA02748	NA	NA	NA	NA	NA	NA	NA	NA	NA	NA	NA	NA	NA	NA	NA	NA	NA	animal	NA	None	NA	EHM042775	NA	NA	None
enterococcus_hirae	EHM028451	EHI	s__Enterococcus_B hirae	NA	Apodemus sylvaticus	Rodentia	Mammalia	host-associated	NA	NA	NA	NA	100	0.13	2718048	36	143989	40	NA	NA	EHA01270_bin.16.fa	EHA01270	NA	NA	NA	NA	NA	NA	NA	NA	NA	NA	NA	NA	NA	NA	NA	NA	NA	animal	NA	None	NA	EHM028451	NA	NA	None
enterococcus_hirae	EHM030672	EHI	s__Enterococcus_B hirae	NA	Canis lupus	Carnivora	Mammalia	host-associated	NA	NA	NA	NA	100	0.18	2862920	37	160051	41	NA	NA	EHA01904_bin.9.fa	EHA01904	NA	NA	NA	NA	NA	NA	NA	NA	NA	NA	NA	NA	NA	NA	NA	NA	NA	animal	NA	None	NA	EHM030672	NA	NA	None
enterococcus_hirae	EHM073018	EHI	s__Enterococcus_B hirae	NA	Podarcis muralis	Squamata	Reptilia	host-associated	NA	NA	NA	NA	100	0.45	3608305	37	67690	310	NA	NA	EHA05014_bin.275.fa	EHA05014	NA	NA	NA	NA	NA	NA	NA	NA	NA	NA	NA	NA	NA	NA	NA	NA	NA	animal	NA	None	NA	EHM073018	NA	NA	None
enterococcus_hirae	EHM042200	EHI	s__Enterococcus_B hirae	NA	Mops thersites	Chiroptera	Mammalia	host-associated	NA	NA	NA	NA	100	0.46	3035989	36	84928	92	NA	NA	EHA02805_bin.2.fa	EHA02805	NA	NA	NA	NA	NA	NA	NA	NA	NA	NA	NA	NA	NA	NA	NA	NA	NA	animal	NA	None	NA	EHM042200	NA	NA	None
enterococcus_hirae	EHM043802	EHI	s__Enterococcus_B hirae	NA	Podarcis muralis	Squamata	Reptilia	host-associated	NA	NA	NA	NA	100	0.7	2834520	37	98937	49	NA	NA	EHA02910_bin.45.fa	EHA02910	NA	NA	NA	NA	NA	NA	NA	NA	NA	NA	NA	NA	NA	NA	NA	NA	NA	animal	NA	None	NA	EHM043802	NA	NA	None
enterococcus_hirae	EHM054902	EHI	s__Enterococcus_B hirae	NA	Apodemus sylvaticus	Rodentia	Mammalia	host-associated	NA	NA	NA	NA	100	0.98	2721429	37	114934	34	NA	NA	EHA03613_bin.143.fa	EHA03613	NA	NA	NA	NA	NA	NA	NA	NA	NA	NA	NA	NA	NA	NA	NA	NA	NA	animal	NA	None	NA	EHM054902	NA	NA	None
enterococcus_hirae	EHM031657	EHI	s__Enterococcus_B hirae	NA	Canis lupus	Carnivora	Mammalia	host-associated	NA	NA	NA	NA	99.93	0.42	2831882	37	148493	40	NA	NA	EHA01958_bin.112.fa	EHA01958	NA	NA	NA	NA	NA	NA	NA	NA	NA	NA	NA	NA	NA	NA	NA	NA	NA	animal	NA	None	NA	EHM031657	NA	NA	None
enterococcus_hirae	EHM019092	EHI	s__Enterococcus_B hirae	NA	Podarcis muralis	Squamata	Reptilia	host-associated	NA	NA	NA	NA	99.62	0.2	2834271	36.8	98582	51	NA	NA	EHA00702_bin.16.fa	EHA00702	NA	NA	NA	NA	NA	NA	NA	NA	NA	NA	NA	NA	NA	NA	NA	NA	NA	animal	NA	None	NA	EHM019092	NA	NA	None
enterococcus_hirae	GCF_014000825.1	NCBI	NA	NA	Homo sapiens	Primates	Mammalia	stool	Homo sapiens	NA	France: Villejuif	NA	99.23	0.08	2921736	36.5	NA	NA	2017	NA	NA	NA	NA	NA	NA	NA	NA	NA	NA	NA	NA	NA	NA	NA	NA	NA	NA	NA	NA	human	France	France	Europe	GCF_014000825.1	NA	NA	NA
hafnia_paralvei	EHM034613	EHI	s__Hafnia paralvei	NA	Lissotriton helveticus	Urodela	Amphibia	host-associated	NA	NA	Spain	Irun	100	0.01	4727852	48	181676	57	NA	NA	EHA02338_bin.5.fa	EHA02338	NA	NA	NA	NA	NA	NA	NA	NA	NA	NA	NA	NA	NA	NA	NA	NA	NA	animal	Spain	Spain	Europe	EHM034613	NA	NA	Spain
hafnia_paralvei	GCF_959028575.1	GTDB	NA	d__Bacteria;p__Pseudomonadota;c__Gammaproteobacteria;o__Enterobacterales;f__Enterobacteriaceae;g__Hafnia;s__Hafnia paralvei	Homo sapiens	Primates	Mammalia	human feces metagenome	NA	NA	none	NA	100	0.03	4677881	48.05697280456685	138760	58	2020-04-03	SAMEA114096220	NA	NA	FALSE	NA	NA	NA	ERR10149246_bin.14_MetaWRAP_v1.3_MAG	SAMEA114096220	ERR10149246_bin.14_MetaWRAP_v1.3_MAG	Human digestive system	faeces	NA	colon	NA	NA	NA	0	0	RS_GCF_959028575.1	human	none	None	Asia	GCF_959028575.1	NA	NA	None
hafnia_paralvei	EHM034663	EHI	s__Hafnia paralvei	NA	Lissotriton helveticus	Urodela	Amphibia	host-associated	NA	NA	Spain	Eskoriatza	100	0.03	4978946	48	254463	106	NA	NA	EHA02355_bin.14.fa	EHA02355	NA	NA	NA	NA	NA	NA	NA	NA	NA	NA	NA	NA	NA	NA	NA	NA	NA	animal	Spain	Spain	Europe	EHM034663	NA	NA	Spain
hafnia_paralvei	EHM034582	EHI	s__Hafnia paralvei	NA	Lissotriton helveticus	Urodela	Amphibia	host-associated	NA	NA	Spain	Eskoriatza	100	0.04	4812957	48	205045	66	NA	NA	EHA02328_bin.12.fa	EHA02328	NA	NA	NA	NA	NA	NA	NA	NA	NA	NA	NA	NA	NA	NA	NA	NA	NA	animal	Spain	Spain	Europe	EHM034582	NA	NA	Spain
hafnia_paralvei	EHM035016	EHI	s__Hafnia paralvei	NA	Lissotriton helveticus	Urodela	Amphibia	host-associated	NA	NA	Spain	Eskoriatza	100	0.07	4509409	48	74245	110	NA	NA	EHA02364_bin.14.fa	EHA02364	NA	NA	NA	NA	NA	NA	NA	NA	NA	NA	NA	NA	NA	NA	NA	NA	NA	animal	Spain	Spain	Europe	EHM035016	NA	NA	Spain
hafnia_paralvei	EHM035261	EHI	s__Hafnia paralvei	NA	Lissotriton helveticus	Urodela	Amphibia	host-associated	NA	NA	Spain	Eskoriatza	100	0.09	4757837	48	224320	42	NA	NA	EHA02344_bin.16.fa	EHA02344	NA	NA	NA	NA	NA	NA	NA	NA	NA	NA	NA	NA	NA	NA	NA	NA	NA	animal	Spain	Spain	Europe	EHM035261	NA	NA	Spain
hafnia_paralvei	GCF_023096345.1	GTDB	NA	d__Bacteria;p__Pseudomonadota;c__Gammaproteobacteria;o__Enterobacterales;f__Enterobacteriaceae;g__Hafnia;s__Hafnia paralvei	Mammuthus primigenius	Proboscidea	Mammalia	feces	Mammuthus primigenius	NA	Russia: Yakutia	NA	100	0.1	4718603	48.49231859514352	22863	370	2021-07-07	SAMN27277234	NA	NA	FALSE	NA	NA	NA	NA	NA	NA	NA	NA	NA	NA	NA	NA	NA	NA	NA	RS_GCF_023096345.1	animal	Russia	Russia	Europe	GCF_023096345.1	NA	NA	NA
hafnia_paralvei	EHM034518	EHI	s__Hafnia paralvei	NA	Lissotriton helveticus	Urodela	Amphibia	host-associated	NA	NA	Spain	Irun	100	0.15	4792154	48	300554	45	NA	NA	EHA02345_bin.5.fa	EHA02345	NA	NA	NA	NA	NA	NA	NA	NA	NA	NA	NA	NA	NA	NA	NA	NA	NA	animal	Spain	Spain	Europe	EHM034518	NA	NA	Spain
hafnia_paralvei	EHM058631	EHI	s__Hafnia paralvei	NA	Lissotriton helveticus	Urodela	Amphibia	host-associated	NA	NA	Spain	Orio	100	0.19	4676728	48	212507	39	NA	NA	EHA04270_bin.6.fa	EHA04270	NA	NA	NA	NA	NA	NA	NA	NA	NA	NA	NA	NA	NA	NA	NA	NA	NA	animal	Spain	Spain	Europe	EHM058631	NA	NA	Spain
hafnia_paralvei	GCF_958410475.1	GTDB	NA	d__Bacteria;p__Pseudomonadota;c__Gammaproteobacteria;o__Enterobacterales;f__Enterobacteriaceae;g__Hafnia;s__Hafnia paralvei	Homo sapiens	Primates	Mammalia	human feces metagenome	NA	NA	none	NA	100	0.23	4579278	47.90929923887565	104223	73	not provided	SAMEA114060886	NA	NA	FALSE	NA	NA	NA	ERR9322425_bin.23_MetaWRAP_v1.3_MAG	SAMEA114060886	ERR9322425_bin.23_MetaWRAP_v1.3_MAG	Human digestive system	faeces	NA	colon	NA	NA	NA	NA	NA	RS_GCF_958410475.1	human	none	None	NA	GCF_958410475.1	NA	NA	None
lactococcus_lactis	EHM013277	EHI	s__Lactococcus lactis	NA	Podarcis muralis	Squamata	Reptilia	host-associated	NA	NA	France	Occitanie, Tourmalet	100	0	2305439	34.8	199102	16	NA	NA	EHA00364_bin.25.fa	EHA00364	NA	NA	NA	NA	NA	NA	NA	NA	NA	NA	NA	NA	NA	NA	NA	NA	NA	animal	France	France	Europe	EHM013277	NA	NA	NA
lactococcus_lactis	RS_GCF_932750895.1	GTDB	NA	d__Bacteria;p__Bacillota;c__Bacilli;o__Lactobacillales;f__Streptococcaceae;g__Lactococcus;s__Lactococcus lactis	Mus musculus	Rodentia	Mammalia	gut content	NA	NA	none	NA	100	0.04	2582571	34.89003787311172	161421	70	2019-03-15	SAMEA13256549	NA	NA	FALSE	NA	NA	NA	Lactococcus_lactis_DSM110082	SAMEA13256549	Lactococcus_lactis_DSM110082	mouse gastrointestinal tract	gut content	mouse intestine	NA	NA	NA	NA	50.776389	6.043611	RS_GCF_932750895.1	animal	none	None	NA	GCF_932750895.1	NA	NA	None
lactococcus_lactis	EHM031001	EHI	s__Lactococcus lactis	NA	Canis lupus	Carnivora	Mammalia	host-associated	NA	NA	Greenland	Ittoqqortoormii	100	0.06	2262278	35	82765	41	NA	NA	EHA01905_bin.2.fa	EHA01905	NA	NA	NA	NA	NA	NA	NA	NA	NA	NA	NA	NA	NA	NA	NA	NA	NA	animal	Greenland	Greenland	Americas	EHM031001	NA	NA	NA
lactococcus_lactis	EHM031160	EHI	s__Lactococcus lactis	NA	Canis lupus	Carnivora	Mammalia	host-associated	NA	NA	Greenland	Ittoqqortoormii	100	0.06	2263829	35	134814	28	NA	NA	EHA01900_bin.1.fa	EHA01900	NA	NA	NA	NA	NA	NA	NA	NA	NA	NA	NA	NA	NA	NA	NA	NA	NA	animal	Greenland	Greenland	Americas	EHM031160	NA	NA	NA
lactococcus_lactis	EHM031128	EHI	s__Lactococcus lactis	NA	Canis lupus	Carnivora	Mammalia	host-associated	NA	NA	Greenland	Ittoqqortoormii	100	0.07	2270986	35	195018	26	NA	NA	EHA01928_bin.8.fa	EHA01928	NA	NA	NA	NA	NA	NA	NA	NA	NA	NA	NA	NA	NA	NA	NA	NA	NA	animal	Greenland	Greenland	Americas	EHM031128	NA	NA	NA
lactococcus_lactis	EHM045845	EHI	s__Lactococcus lactis	NA	Plecotus auritus	Chiroptera	Mammalia	host-associated	NA	NA	France	NORMANDIE	100	0.07	2298823	35	44538	86	NA	NA	EHA03117_bin.25.fa	EHA03117	NA	NA	NA	NA	NA	NA	NA	NA	NA	NA	NA	NA	NA	NA	NA	NA	NA	animal	France	France	Europe	EHM045845	NA	NA	NA
lactococcus_lactis	EHM046343	EHI	s__Lactococcus lactis	NA	Plecotus auritus	Chiroptera	Mammalia	host-associated	NA	NA	France	AUVERGNE-RHONE-ALPES	100	0.08	2487774	35	291327	17	NA	NA	EHA03124_bin.17.fa	EHA03124	NA	NA	NA	NA	NA	NA	NA	NA	NA	NA	NA	NA	NA	NA	NA	NA	NA	animal	France	France	Europe	EHM046343	NA	NA	NA
lactococcus_lactis	RS_GCF_020553675.1	GTDB	NA	d__Bacteria;p__Bacillota;c__Bacilli;o__Lactobacillales;f__Streptococcaceae;g__Lactococcus;s__Lactococcus lactis	Homo sapiens	Primates	Mammalia	fecal sample	Homo sapiens	NA	USA: New York	NA	100	0.1	2470174	34.9105771496259	77832	102	NA	SAMN22165187	NA	NA	FALSE	NA	NA	NA	NA	NA	NA	not applicable	NA	NA	NA	NA	NA	NA	NA	NA	RS_GCF_020553675.1	human	USA	United States	Americas	GCF_020553675.1	NA	NA	United States
lactococcus_lactis	RS_GCF_027661125.1	GTDB	NA	d__Bacteria;p__Bacillota;c__Bacilli;o__Lactobacillales;f__Streptococcaceae;g__Lactococcus;s__Lactococcus lactis	Homo sapiens	Primates	Mammalia	fecal material [ENVO:00002003]	Homo sapiens	NA	China: Shenzhen	NA	100	0.12	2343593	34.85681783172815	322920	23	2014-02-01	SAMN31808596	NA	NA	FALSE	NA	NA	NA	NA	NA	NA	microbial community [PCO:1000004]	fecal material [ENVO:00002003]	fecal material [ENVO:00002003]	NA	NA	NA	NA	NA	NA	RS_GCF_027661125.1	human	China	China	Asia	GCF_027661125.1	NA	NA	China
lactococcus_lactis	EHM031663	EHI	s__Lactococcus lactis	NA	Canis lupus	Carnivora	Mammalia	host-associated	NA	NA	Greenland	Ittoqqortoormii	100	0.12	2313944	35	199338	29	NA	NA	EHA01958_bin.118.fa	EHA01958	NA	NA	NA	NA	NA	NA	NA	NA	NA	NA	NA	NA	NA	NA	NA	NA	NA	animal	Greenland	Greenland	Americas	EHM031663	NA	NA	NA
parabacteroides_goldsteinii	EHM050943	EHI	s__Parabacteroides goldsteinii	NA	Podarcis milensis	Squamata	Reptilia	host-associated	NA	NA	Greece	Polyaigos	99.97	0.38	6761326	43	142794	97	NA	NA	EHA03411_bin.19.fa	EHA03411	NA	NA	NA	NA	NA	NA	NA	NA	NA	NA	NA	NA	NA	NA	NA	NA	NA	animal	Greece	Greece	Europe	EHM050943	NA	NA	NA
parabacteroides_goldsteinii	GCF_027688775.1	GTDB	NA	d__Bacteria;p__Bacteroidota;c__Bacteroidia;o__Bacteroidales;f__Tannerellaceae;g__Parabacteroides;s__Parabacteroides goldsteinii	Homo sapiens	Primates	Mammalia	fecal material [ENVO:00002003]	Homo sapiens	NA	China: Shenzhen	NA	99.96	0.6	6561326	43.60095813552533	140119	155	2014-02-01	SAMN31807686	NA	NA	FALSE	NA	NA	NA	NA	NA	NA	microbial community [PCO:1000004]	fecal material [ENVO:00002003]	fecal material [ENVO:00002003]	NA	NA	NA	NA	NA	NA	RS_GCF_027688775.1	human	China	China	Asia	GCF_027688775.1	NA	NA	China
parabacteroides_goldsteinii	GCF_902375575.1	GTDB	NA	d__Bacteria;p__Bacteroidota;c__Bacteroidia;o__Bacteroidales;f__Tannerellaceae;g__Parabacteroides;s__Parabacteroides goldsteinii	Homo sapiens	Primates	Mammalia	human gut	NA	NA	none	NA	99.94	0.61	6486757	43.35282983957222	511428	33	NA	SAMEA5850992	NA	NA	FALSE	NA	NA	Parabacteroides goldsteinii	MGYG-HGUT-01489	SAMEA5850992	MGYG-HGUT-01489	human-associated habitat	NA	human gut	NA	NA	NA	NA	NA	NA	RS_GCF_902375575.1	human	none	None	NA	GCF_902375575.1	NA	NA	None
parabacteroides_goldsteinii	GCF_948766295.1	GTDB	NA	d__Bacteria;p__Bacteroidota;c__Bacteroidia;o__Bacteroidales;f__Tannerellaceae;g__Parabacteroides;s__Parabacteroides goldsteinii	Mus musculus	Rodentia	Mammalia	feces	NA	NA	none	NA	99.55	0.87	6402457	43.33837775091656	108261	92	not provided	SAMEA112431580	NA	NA	FALSE	NA	NA	NA	MGBC161409	SAMEA112431580	MGBC161409	mouse gut	Faeces	NA	mouse-associated habitat	NA	NA	NA	48.21313	16.36069	RS_GCF_948766295.1	animal	none	None	NA	GCF_948766295.1	NA	NA	None
parabacteroides_goldsteinii	GCF_948560525.1	GTDB	NA	d__Bacteria;p__Bacteroidota;c__Bacteroidia;o__Bacteroidales;f__Tannerellaceae;g__Parabacteroides;s__Parabacteroides goldsteinii	Mus musculus	Rodentia	Mammalia	feces	NA	NA	none	NA	99.39	0.97	6075216	43.42573328837776	41942	287	not provided	SAMEA112382011	NA	NA	FALSE	NA	NA	NA	MGBC108181	SAMEA112382011	MGBC108181	mouse gut	Faeces	NA	mouse-associated habitat	NA	NA	NA	22.55545	114.05433	RS_GCF_948560525.1	animal	none	None	Europe	GCF_948560525.1	NA	NA	None
phocaeicola_vulgatus	GCF_024047355.1	NCBI	NA	NA	Homo sapiens	Primates	Mammalia	feces	Homo sapiens	NA	USA: Boston, Massachusetts	NA	100	0.01	5691485	42.5	NA	NA	2009-05	NA	NA	NA	NA	NA	NA	NA	NA	NA	NA	NA	NA	NA	NA	NA	NA	NA	NA	NA	NA	human	USA	United States	Americas	GCF_024047355.1	NA	NA	United States
phocaeicola_vulgatus	GCF_024047375.1	NCBI	NA	NA	Homo sapiens	Primates	Mammalia	feces	Homo sapiens	NA	USA: Boston, Massachusetts	NA	100	0.01	5110937	42	NA	NA	2009-05	NA	NA	NA	NA	NA	NA	NA	NA	NA	NA	NA	NA	NA	NA	NA	NA	NA	NA	NA	NA	human	USA	United States	Americas	GCF_024047375.1	NA	NA	United States
phocaeicola_vulgatus	GCF_003466945.1	NCBI	NA	NA	Homo sapiens	Primates	Mammalia	feces	Homo sapiens	NA	China: Shenzhen	NA	100	0.02	5155765	42	NA	NA	2014-01-01	NA	NA	NA	NA	NA	NA	NA	NA	NA	NA	NA	NA	NA	NA	NA	NA	NA	NA	NA	NA	human	China	China	Asia	GCF_003466945.1	NA	NA	China
phocaeicola_vulgatus	GCF_003459535.1	NCBI	NA	NA	Homo sapiens	Primates	Mammalia	feces	Homo sapiens	NA	China: Shenzhen	NA	100	0.06	4853285	42	NA	NA	2013-12-01	NA	NA	NA	NA	NA	NA	NA	NA	NA	NA	NA	NA	NA	NA	NA	NA	NA	NA	NA	NA	human	China	China	Asia	GCF_003459535.1	NA	NA	China
phocaeicola_vulgatus	GCF_021891395.1	NCBI	NA	NA	Homo sapiens	Primates	Mammalia	feces	Homo sapiens	NA	China: Delingha	NA	100	0.09	5111862	42.5	NA	NA	2018-10	NA	NA	NA	NA	NA	NA	NA	NA	NA	NA	NA	NA	NA	NA	NA	NA	NA	NA	NA	NA	human	China	China	Asia	GCF_021891395.1	NA	NA	China
phocaeicola_vulgatus	GCF_023668145.1	NCBI	NA	NA	Homo sapiens	Primates	Mammalia	feces	Homo sapiens	NA	Slovenia	NA	100	0.09	5128462	42.5	NA	NA	2021-07	NA	NA	NA	NA	NA	NA	NA	NA	NA	NA	NA	NA	NA	NA	NA	NA	NA	NA	NA	NA	human	Slovenia	Slovenia	Europe	GCF_023668145.1	NA	NA	Slovenia
phocaeicola_vulgatus	GCF_023668185.1	NCBI	NA	NA	Homo sapiens	Primates	Mammalia	feces	Homo sapiens	NA	Slovenia	NA	100	0.09	5181607	42	NA	NA	2021-07	NA	NA	NA	NA	NA	NA	NA	NA	NA	NA	NA	NA	NA	NA	NA	NA	NA	NA	NA	NA	human	Slovenia	Slovenia	Europe	GCF_023668185.1	NA	NA	Slovenia
phocaeicola_vulgatus	GCF_023668875.1	NCBI	NA	NA	Homo sapiens	Primates	Mammalia	feces	Homo sapiens	NA	Slovenia	NA	100	0.09	5138524	42.5	NA	NA	2020-06	NA	NA	NA	NA	NA	NA	NA	NA	NA	NA	NA	NA	NA	NA	NA	NA	NA	NA	NA	NA	human	Slovenia	Slovenia	Europe	GCF_023668875.1	NA	NA	Slovenia
phocaeicola_vulgatus	GCF_023669145.1	NCBI	NA	NA	Homo sapiens	Primates	Mammalia	feces	Homo sapiens	NA	Slovenia	NA	100	0.09	5149350	42.5	NA	NA	2020-06	NA	NA	NA	NA	NA	NA	NA	NA	NA	NA	NA	NA	NA	NA	NA	NA	NA	NA	NA	NA	human	Slovenia	Slovenia	Europe	GCF_023669145.1	NA	NA	Slovenia
phocaeicola_vulgatus	GCF_023669285.1	NCBI	NA	NA	Homo sapiens	Primates	Mammalia	feces	Homo sapiens	NA	Slovenia	NA	100	0.09	5138153	42.5	NA	NA	2020-06	NA	NA	NA	NA	NA	NA	NA	NA	NA	NA	NA	NA	NA	NA	NA	NA	NA	NA	NA	NA	human	Slovenia	Slovenia	Europe	GCF_023669285.1	NA	NA	Slovenia
