annotation,(Intercept),host_type_2domestic,host_type_2wild,beta_domestic,beta_wild,OR_domestic,OR_wild
VF0003,5.509588787782669,0.7703763132535588,-2.314453335905629,0.6431552784189312,-2.454008350191113,1.902474254907291,0.08594838389409205
VF0005,-4.154432461868017,-1.8262752158007607,0.9608406612527982,-1.9534962506353883,0.8212856469673142,0.1417775143234698,2.273420776008331
VF0006,-1.8523104192944804,-0.59433504652099,-0.3705121014463811,-0.7215560813556177,-0.510067115731865,0.4859954188524401,0.6004552774644546
VF0013,-1.6417364258822857,2.8044755034236157,-0.5577985348629309,2.677254468588988,-0.6973535491484149,14.545104384629882,0.4979012328943293
VF0014,-1.1702102988574676,2.801440363638902,1.6952870182448556,2.6742193288042744,1.5557320039593716,14.50102488719608,4.738553896153629
VF0023,-4.2983252489036,-2.336930121100916,-0.7110264798648581,-2.464151155935544,-0.850581494150342,0.08508103225761653,0.42716646491409455
VF0028,-2.813162735598928,-0.9843424739382061,0.6840325995987933,-1.1115635087728337,0.5444775853133093,0.32904409535180473,1.7237076569252794
VF0033,-0.2793111503498889,2.7198956647266788,2.2708564249674486,2.592674629892051,2.1313014106819645,13.365471529542925,8.425825138090877
VF0034,-0.7436044177730992,0.9454717050216164,-0.3715411508559726,0.8182506701869887,-0.5110961651414565,2.2665314564917933,0.5998376971305313
VF0035,-1.542321970194859,1.5382402281517005,1.000877280792656,1.4110191933170728,0.861322266507172,4.100132102516058,2.366287488714734
VF0040,2.7116661877158434,0.010150255565184755,0.2659541872330712,-0.11707077926944295,0.12639917294758723,0.889522231201559,1.1347350334192765
VF0041,4.493044385573713,0.05461920132940376,0.051569833774480815,-0.07260183350522395,-0.08798518051100312,0.9299710396274637,0.9157744479321209
VF0043,1.9475546688839727,-0.9972782674242404,-1.6109409163724446,-1.124499302258868,-1.7504959306579286,0.3248150608171009,0.17368778499041565
VF0044,6.926423346975653,0.2993331937410047,0.15277346538325365,0.172112158906377,0.013218451097769701,1.1878110493313547,1.0133062010356297
VF0050,-2.779925099288621,0.6094290054292705,0.7056078025069876,0.48220797059464277,0.5660527882215036,1.6196465891423208,1.7613010840195262
VF0051,0.4328934115148735,-2.2498311063290233,-1.6598938853210432,-2.377052141163651,-1.7994488996065272,0.09282380606981798,0.1653900096101364
VF0052,-0.8356635464846305,2.3062747973782645,1.8727260656814395,2.179053762543637,1.7331710513959555,8.83793951147751,5.658569101866041
VF0056,6.1075272642593905,0.5357964764742247,-0.9166464140919174,0.40857544163959697,-1.0562014283774013,1.504672763456487,0.347774350238351
VF0057,1.557243238141207,-1.339819911417816,-2.290924475780285,-1.4670409462524436,-2.430479490065769,0.2306068546626024,0.08799462991441614
VF0060,-3.9024792062242164,-0.6558754166761751,-1.6956928176866095,-0.7830964515108028,-1.8352478319720935,0.45698877465361526,0.15957394934058258
VF0062,5.227634037421128,0.7852064054221795,-0.6226120403877976,0.6579853705875518,-0.7621670546732815,1.9308983686242063,0.466654065611152
VF0068,-0.7338966642657898,0.2085236390415826,-0.7632592961684703,0.0813026042069549,-0.9028143104539543,1.0846990814145143,0.40542705507321225
VF0069,-2.048266844306839,0.5864434869012284,1.2939030077460734,0.4592224520666007,1.1543479934605894,1.5828427702673618,3.171954608015085
VF0072,5.045388578496843,0.9867863002370274,-2.1107895945106216,0.8595652654023997,-2.2503446087961056,2.3621335692719923,0.10536290931961295
VF0073,4.8540674970808375,-0.5068195785573847,-0.8481491471242463,-0.6340406133920125,-0.9877041614097302,0.5304441452884857,0.37243075114549684
VF0074,5.7778353824233255,-0.5198897799977833,-0.7448125076264672,-0.647110814832411,-0.8843675219119511,0.5235562446360215,0.41297528851640447
VF0075,3.1164643520528568,0.2712146804973103,-0.8663646662856084,0.14399364566268258,-1.0059196805710924,1.1548767700250413,0.36570814542032504
VF0078,-1.9379134883640547,1.892340643659701,0.9278170433342198,1.7651196088250733,0.7882620290487359,5.8422711034795505,2.1995703130728472
VF0079,-4.6166159117108645,1.4449583839041484,1.7189975938533597,1.3177373490695208,1.5794425795678757,3.7349608965652017,4.8522503137910205
VF0082,2.0288091437331808,-0.3898253160533771,-1.400795518330831,-0.5170463508880048,-1.540350532616315,0.5962791489253352,0.21430596702790436
VF0083,-1.0601396680141077,-1.26314479931404,-2.4103164674692623,-1.3903658341486675,-2.5498714817547463,0.24898420104506175,0.0780917015647168
VF0085,6.243781825665642,-0.8292263458380643,0.2690835413452738,-0.9564473806726921,0.12952852705978984,0.3842555777714998,1.138291583111672
VF0089,-3.6058530937405835,1.8619225090964078,0.30232189162653883,1.7347014742617801,0.16276687734105488,5.667235735522967,1.1767623277469261
VF0091,6.926423346975653,0.2993331937410047,0.15277346538325365,0.172112158906377,0.013218451097769701,1.1878110493313547,1.0133062010356297
VF0093,0.39597307546654315,-2.8702253725535227,-1.7841028785972495,-2.9974464073881504,-1.9236578928827335,0.04991436672270869,0.14607166918599956
VF0094,5.292549021579632,0.8680028424672203,-1.106690803964361,0.7407818076325925,-1.246245818249845,2.0975747735861567,0.2875824094510106
VF0095,3.493023495528486,0.13927704701300322,0.7267281423979414,0.012056012178375514,0.5871731281124575,1.0121289788273,1.7988959724939872
VF0100,1.7993422954842306,0.044058964978293653,0.19888092102295113,-0.08316206985633406,0.05932590673746718,0.9202019981285302,1.0611210108794031
VF0101,-4.597260773975497,-0.06087600921665896,2.15374179999138,-0.1880970440512867,2.014186785705896,0.8285342990061682,7.494630161989315
VF0102,-1.27023508978112,-0.8531836254699067,-1.0336766431456508,-0.9804046603045344,-1.1732316574311348,0.37515925607228784,0.3093655605645599
VF0103,-0.9187470983666111,2.396583394034003,2.2310206819583427,2.2693623591993752,2.0914656676728587,9.67323080052343,8.09677365127684
VF0104,-2.1848407608603417,0,-0.8366212609518326,-0.1272210348346277,-0.9761762752373166,0.8805390212886358,0.3767489323817604
VF0105,-2.203275992310156,-2.289158975925266,0.7866561352002439,-2.4163800107598936,0.6471011209147599,0.08924409609023384,1.9099959486196796
VF0106,6.926423346975653,0.2993331937410047,0.15277346538325365,0.172112158906377,0.013218451097769701,1.1878110493313547,1.0133062010356297
VF0109,-2.5359387822902275,0.7076069298581152,-0.38520052895201007,0.5803858950234875,-0.524755543237494,1.7867277870932938,0.5916999917528823
VF0111,-2.4294685718336573,-0.9669556130470089,0.8531259998731445,-1.0941766478816366,0.7135709855876606,0.3348151642674494,2.0412675962328493
VF0112,-3.5777855840792476,-2.3615848378389583,1.1071129677793894,-2.488805872673586,0.9675579534939054,0.08300903076775025,2.63151033571603
VF0113,5.491689682826361,0.7315894870007184,-1.9256516304778488,0.6043684521660906,-2.065206644763333,1.8300960506429547,0.1267920869398689
VF0114,0.6285611604638901,-1.9665423076919768,-1.2271533220697401,-2.0937633425266045,-1.3667083363552242,0.12322253353633725,0.25494477233590596
VF0116,-4.6293943498402195,-1.7587368908491663,1.823815124927059,-1.885957925683794,1.684260110641575,0.15168368811243232,5.388462590936466
VF0118,-3.8103805956657886,1.1852610687450857,0.6598758598113921,1.058040033910458,0.5203208455259081,2.8807193403365017,1.682567407329526
VF0124,0.2945646533196556,0.17644585626717843,-0.47116645826277065,0.04922482143255072,-0.6107214725482546,1.0504564893272885,0.5429589977176036
VF0126,-3.1852969813949215,2.1495966719173913,2.0448222620103107,2.0223756370827637,1.9052672477248267,7.556254546610578,6.721203614011563
VF0127,-1.138902550398094,1.6678830291907167,0.7640865864051564,1.540661994356089,0.6245315721196725,4.667679225743488,1.8673710238760861
VF0132,-2.0298826859364163,0.5443181924561782,-0.35297133645695533,0.4170971576215505,-0.4925263507424393,1.517549947316247,0.6110806384213823
VF0136,-3.2076578085229874,-1.1310226965519141,-1.2318961826560388,-1.2582437313865418,-1.3714511969415228,0.2841526368823128,0.2537384677520342
VF0138,-2.2649476867223672,-0.14855976300682197,0.18453740926087886,-0.2757807978414497,0.04498239497539491,0.7589792824252559,1.046009444724606
VF0140,-2.07776027890285,1.0157693418113316,-0.236481220492499,0.888548306976704,-0.376036234777983,2.431597155234584,0.6865774546099356
VF0141,3.1048554262213797,-4.074123310893843,-3.112448293023777,-4.201344345728471,-3.252003307309261,0.014975431125256842,0.038696608930936405
VF0143,-1.850118464506842,0.9653262878465574,1.234539954188591,0.8381052530119297,1.094984939903107,2.3119822027590584,2.9891376663515024
VF0144,6.926423346975653,0.2993331937410047,0.15277346538325365,0.172112158906377,0.013218451097769701,1.1878110493313547,1.0133062010356297
VF0145,-1.61261994003515,2.44676364132709,2.21271165271903,2.3195426064924622,2.073156638433546,10.17102108296906,7.949878443579394
VF0146,-4.223942024127049,-0.3324800811130354,-1.723354298492776,-0.4597011159476631,-1.86290931277826,0.6314723543206917,0.15522038817122855
VF0147,-4.81600997492881,1.7817682325709143,0.791626014728611,1.6545471977362867,0.6520710004431272,5.230710908131051,1.9195120256752487
VF0148,-0.2549893708217171,-2.6871469587679204,-1.9554239025647724,-2.814367993602548,-2.0949789168502564,0.05994259087204771,0.12307283838969618
VF0149,-3.057088523738786,-1.4604184885372626,-1.8776913960937152,-1.5876395233718903,-2.017246410379199,0.2044075419433123,0.13302124716766764
VF0151,-1.8810337542458258,-0.3488113574696546,0.4384508484223154,-0.4760323923042823,0.29889583413683146,0.6212433584176357,1.3483691621197567
VF0153,6.454313034274131,0.12532829053071226,0.07404671350459499,-0.0018927443039154501,-0.06550830078088896,0.998109045806999,0.936591272288427
VF0155,-1.784445535316154,-2.189923283828062,-2.727416337316192,-2.3171443186626894,-2.866971351601676,0.09855462473683782,0.05687090799718042
VF0156,-5.287920716835546,0.6803811214408108,0.7325907332863011,0.553160086606183,0.5930357190008171,1.7387389108975841,1.8094731381341675
VF0157,4.281514841474968,0.6500305198886336,-2.609407604546941,0.5228094850540059,-2.748962618832425,1.686759925757834,0.0639942131761981
VF0159,0.7334043641156767,-0.6971276098507306,-0.20238836417399153,-0.8243486446853583,-0.3419433784594755,0.4385205321401504,0.710388426857546
VF0160,0.6295712183906385,-1.592902465749245,-1.0612533922834824,-1.7201235005838726,-1.2008084065689664,0.17904403450321185,0.3009508229246408
VF0163,0.9736009011443005,-3.170221663071811,-2.392646017317867,-3.2974426979064386,-2.532201031603351,0.03697760950948362,0.07948388107892727
VF0166,2.271189212987725,0,0.2486646083956265,-0.1272210348346277,0.10910959411014257,0.8805390212886358,1.115284572264177
VF0167,2.7116661877158434,0.010150255565184755,0.2659541872330712,-0.11707077926944295,0.12639917294758723,0.889522231201559,1.1347350334192765
VF0169,4.8154748895051185,1.0937487098697452,-0.7827791107157188,0.9665276750351175,-0.9223341250012027,2.628800543463055,0.3975899325767879
VF0171,0.4876080725256028,-2.0977774158967346,-1.2960976279762597,-2.2249984507313623,-1.4356526422617437,0.10806758606042143,0.23796001056558805
VF0190,-3.8370063170354287,-1.2836045699747605,1.3478928894866833,-1.4108256048093881,1.2083378752011993,0.24394180046866717,3.3479153722472432
VF0191,-5.0612215727278995,-0.21435208196178107,1.059612581935191,-0.3415731167964088,0.9200575676497069,0.7106515051587967,2.5094348480444952
VF0207,-0.6485284623472435,-1.0700742323692645,-0.7132130374365031,-1.1972952672038921,-0.8527680517219871,0.30200996447420436,0.42623346125072287
VF0213,0.6304702508445403,0.5778617029557352,-0.4960580560255202,0.45064066812110753,-0.6356130703110041,1.5693172750413953,0.529610700172091
VF0215,0.7784424718877626,1.7757311010600796,1.0985405772868444,1.648510066225452,0.9589855630013604,5.199227548696823,2.6090484152624365
VF0220,-3.117524735954629,-0.8606554211576148,2.1911953269712043,-0.9878764559922426,2.0516403126857203,0.3723665888722782,7.780653349006311
VF0221,0.09249934569602053,-1.998182934067837,-1.633550592078947,-2.125403968902465,-1.773105606364431,0.11938473080548392,0.16980482217460147
VF0222,-3.2182402615070913,-0.6838435273164222,0.7809178964277467,-0.8110645621510499,0.6413628821422628,0.44438473915079546,1.8990673213359786
VF0225,2.1073741879484276,-1.0853837268853437,-0.5606523536733832,-1.2126047617199713,-0.7002073679588672,0.29742155729568126,0.49648233858677
VF0227,-3.610077697899581,-0.8502310637548153,1.1619213690592156,-0.977452098589443,1.0223663547737316,0.3762685737874527,2.779764897199703
VF0228,-4.01290657543982,-1.8852195064466564,1.0008438353081093,-2.012440541281284,0.8612888210226253,0.1336620684870979,2.3662083484065475
VF0230,-0.30180294412833797,0.13473739059321352,0.6125104465295607,0.007516355758585808,0.4729554322440767,1.00754467446723,1.6047298621736896
VF0234,-4.31228123847597,-0.7348292434935878,2.291244111433362,-0.8620502783282156,2.151689097147878,0.4222953710743017,8.599371310421182
VF0236,-4.332783135039106,0.8468383611039852,-0.360265206409808,0.7196173262693575,-0.499820220695292,2.0536471834283905,0.606639711175225
VF0237,0.31307093795187496,-1.974918010039511,-1.6662913619529278,-2.102139044874139,-1.8058463762384118,0.12219476840866539,0.16433530819952913
VF0238,0.17577511757537953,-1.8907488155695216,-2.239943062610178,-2.0179698504041492,-2.379498076895662,0.1329250490742689,0.09259704244345178
VF0239,-0.25965460823930236,-0.9233146967743914,-0.9982895847144063,-1.0505357316090191,-1.1378445989998902,0.3497503266063302,0.3205091034899833
VF0243,4.866596087355141,-0.05466698425627407,-0.4121558471649521,-0.1818880190909018,-0.551710861450436,0.833694693078421,0.5759635730893151
VF0244,-3.1582072905021756,-2.057895724986014,-1.747704663458665,-2.185116759820642,-1.887259677744149,0.11246460154094842,0.1514863620215974
VF0249,-2.631733858123736,0.501042500115539,0.40978460712722753,0.37382146528091126,0.2702295928417436,1.4532776667741232,1.3102652437227116
VF0251,-2.329298901503919,-0.3413187237235496,-0.4270999841169128,-0.4685397585581773,-0.5666549984023967,0.6259155891682939,0.5674202895682681
VF0252,6.131753395755225,0.44635994249058347,0.226316101473617,0.31913890765595576,0.08676108718813305,1.3759424405711673,1.0906360816564173
VF0253,-3.512040419516608,-1.629187850114182,1.0183412594642611,-1.7564088849488098,0.8787862451787771,0.1726638074066515,2.407975240426436
VF0256,-3.7297513189594493,-0.8579600172099676,2.164865301107223,-0.9851810520445954,2.025310286821739,0.37337162112136213,7.578462076766793
VF0257,-1.3091705849973236,2.372760663881933,2.3027477870631867,2.2455396290473053,2.1631927727777027,9.445511253682715,8.698866873717417
VF0258,2.2004781319464946,0.01676954356924307,0.193706190346214,-0.11045149126538464,0.054151176060730055,0.8954297653008381,1.0556441782211317
VF0260,-4.539326114739792,-0.7253674506186808,1.686882083819398,-0.8525884854533086,1.547327069533914,0.4263100052751023,4.698893566098193
VF0261,2.7116661877158434,0.010150255565184755,0.2659541872330712,-0.11707077926944295,0.12639917294758723,0.889522231201559,1.1347350334192765
VF0262,-0.2819431412104413,-1.1735393256010975,-0.9401950566733618,-1.3007603604357252,-1.0797500709588457,0.27232464940300305,0.3396804110362643
VF0264,-2.630906978725856,1.6854180457254786,2.5024298953678104,1.558197010890851,2.3628748810823264,4.750248872529943,10.621442987175527
VF0265,-2.0483494163058165,2.0324761727361986,1.1550909310749313,1.905255137901571,1.0155359167894473,6.721122221916556,2.7608425828738907
VF0267,1.253140716663395,0.7947172773987011,-0.020139894328857436,0.6674962425640734,-0.15969490861434138,1.9493505046666155,0.852403810358694
VF0268,6.926423346975653,0.2993331937410047,0.15277346538325365,0.172112158906377,0.013218451097769701,1.1878110493313547,1.0133062010356297
VF0272,6.926423346975653,0.2993331937410047,0.15277346538325365,0.172112158906377,0.013218451097769701,1.1878110493313547,1.0133062010356297
VF0273,-2.0342227623980427,0.36760035542397856,0.37225243364690297,0.24037932058935085,0.23269741936141902,1.2717314527661572,1.2619995649159808
VF0274,3.4580206026378923,-0.20992809559400197,0.3084223203569683,-0.3371491304286297,0.16886730607148437,0.7138023823096534,1.1839630237952434
VF0275,6.144460604786711,0.44259994718607026,0.23127503882184547,0.31537891235144255,0.09172002453636152,1.3707786175142185,1.0960579097973973
VF0279,0.6654221094349789,1.7264833247618234,1.0659251366736704,1.5992622899271958,0.9263701223881864,4.949379869913477,2.5253258966732846
VF0284,-3.4422020710566574,0.9561066898452122,0.5867872281938857,0.8288856550105845,0.4472322139084018,2.2907646153692784,1.5639774344349726
VF0285,1.2341739754003433,-0.7012959285248912,-0.3933968715055845,-0.8285169633595189,-0.5329518857910684,0.4366964431502377,0.5868700369532358
VF0286,3.86400238789035,-0.19940884976040657,-0.8544285113202378,-0.3266298845950343,-0.9939835256057217,0.7213506766232425,0.3700994500259999
VF0287,0.90170306165623,1.7458792899146425,1.2320877532441308,1.6186582550800148,1.0925327389586468,5.046314904755048,2.981816680076283
VF0289,2.680494181407691,0.8656133628213106,-1.1159037937457732,0.7383923279866829,-1.2554588080312572,2.092568644762285,0.284945083136101
VF0291,-2.8191543968206574,-0.045264983427253234,1.4270870373958373,-0.17248601826188095,1.2875320231103533,0.8415700553416374,3.6238319768801763
VF0292,-1.964991885575498,1.2398725551514371,0.8847047140302092,1.1126515203168095,0.7451496997447253,3.042414733420204,2.106756792329691
VF0293,5.311142333591391,-0.8190555027302145,0.5138352246058004,-0.9462765375648423,0.3742802103203165,0.38818372338013796,1.4539445036369911
VF0295,-2.1136270002828956,1.7697076780334675,-0.7047374559041146,1.6424866431988399,-0.8442924701895986,5.168004530883397,0.42986139039018245
VF0296,1.2203692434031672,-0.7704950439969194,-1.5391657481341336,-0.897716078831547,-1.6787207624196177,0.4074992939945032,0.18661254519434525
VF0297,5.950320788505652,0.4680042344863318,0.20052280364927857,0.3407831996517041,0.06096778936379463,1.4060483760383173,1.0628646780883335
VF0298,0.5098921493174048,-2.16551737614142,-1.268331348531351,-2.292738410976048,-1.407886362816835,0.10098953201015466,0.24465985920959496
VF0299,0.48770000426097726,-2.0417749548458253,-1.312747263550945,-2.168995989680453,-1.452302277836429,0.11429230998335588,0.23403086330956477
VF0300,2.4702371957311375,-2.185495666164637,-0.58417591711978,-2.312716700999265,-0.723730931405264,0.09899195438392663,0.4849396002313772
VF0301,-1.6059339507310593,-1.5960709319756814,-2.455912140912602,-1.723291966810309,-2.595467155198086,0.17847763730588553,0.0746110130092768
VF0302,-3.052195450013868,-0.9106599920124065,2.130016761084674,-1.0378810268470342,1.9904617467991899,0.35420443701552284,7.318912466601593
VF0303,-3.881079184802009,-1.7565049909245742,1.008243973707875,-1.883726025759202,0.868688959422391,0.1520226090025558,2.3837835669878835
VF0304,-0.09539287633467419,-1.7423137982765762,-1.8414244818069716,-1.8695348331112038,-1.9809794960924556,0.15419537171663067,0.1379340652435215
VF0306,5.8250661290255765,0.6401716226247125,-1.4884112264417901,0.5129505877900848,-1.6279662407272741,1.6702120389336643,0.1963284531896012
VF0307,-1.0996789619476948,-0.6075221684815224,0.77241137930502,-0.7347432033161501,0.632856365019536,0.47962861019838293,1.8829813872857226
VF0309,6.926423346975653,0.2993331937410047,0.15277346538325365,0.172112158906377,0.013218451097769701,1.1878110493313547,1.0133062010356297
VF0311,4.6012672479407035,-1.11359549999536,-2.2064982013626993,-1.2408165348299875,-2.3460532156481833,0.28914802209004664,0.09574630749860936
VF0315,-0.684719070233496,-1.5285138057168135,-0.5704210400069064,-1.6557348405514412,-0.7099760542923903,0.19095168509519891,0.49165597037012027
VF0317,-0.7642106022360499,-1.0919585103606557,-0.8060601807302933,-1.2191795451952834,-0.9456151950157772,0.29547248932666087,0.3884405307027084
VF0319,0.7522677938146767,-2.1685767179381403,-1.7374344733208495,-2.295797752772768,-1.8769894876063336,0.10068104264166489,0.15305017233200668
VF0321,-1.5436527157500313,0.964694382140416,0.29148865209168406,0.8374733473057883,0.15193363780620012,2.3105217095082455,1.1640829827682777
VF0322,0.018209962106395798,0.05102197794941138,-1.4489292135328125,-0.07619905688521633,-1.5884842278182965,0.9266317357728358,0.204234950888232
VF0323,6.926423346975653,0.2993331937410047,0.15277346538325365,0.172112158906377,0.013218451097769701,1.1878110493313547,1.0133062010356297
VF0325,-5.284305817177661,1.9616441651890808,-1.019985907906881,1.8344231303544531,-1.159540922192365,6.261521021972757,0.31363012847029215
VF0326,2.426750908846377,-0.5257378457385835,-1.1415143359857571,-0.6529588805732112,-1.2810693502712411,0.5205033886502368,0.277740140103107
VF0327,4.704786368732788,0.9771567564215361,-1.1205963730798243,0.8499357215869083,-1.2601513873653083,2.339496467972427,0.28361108811428604
VF0330,-6.124847339836006,0.8179697710922382,1.3573704732130583,0.6907487362576106,1.2178154589275743,1.9952088593341133,3.3797963592171443
VF0332,0.4233557242502773,0.8829488311556074,-0.3055518762251619,0.7557277963209796,-0.44510689051064584,2.129160554815794,0.640755781658984
VF0334,-1.8330131300140664,-0.30053725321114855,-0.562759136833504,-0.42775828804577626,-0.7023141511189879,0.6519689844520555,0.4954374590103639
VF0335,5.950320788505652,0.4680042344863318,0.20052280364927857,0.3407831996517041,0.06096778936379463,1.4060483760383173,1.0628646780883335
VF0336,0.4066654632027973,-2.052216495965907,-1.5741477298465256,-2.1794375308005347,-1.7137027441320096,0.11310513090461359,0.1801973311993583
VF0337,2.385427933635114,1.2686508024416263,-3.3538803501865666,1.1414297676069987,-3.4934353644720506,3.1312421147582805,0.030396270334184784
VF0344,-0.17156112865970716,0.4267244915542993,-0.4033088611509173,0.2995034567196716,-0.5428638754364012,1.3491887106355436,0.5810817214759051
VF0346,3.7537315554962376,0.6789868154513925,0.26920572414250316,0.5517657806167648,0.1296507098570192,1.736316266166601,1.1384306712582757
VF0347,-1.0977833428726615,3.033974233242568,2.3413871238741217,2.9067531984079404,2.2018321095886377,18.297294335694982,9.04156346925388
VF0348,5.120699357733201,0.9398949103313391,0.5699251931562519,0.8126738754967113,0.43037017887076795,2.2539266557608735,1.537826689142467
VF0350,3.6659901695410158,-0.24790507557301808,-1.9014939523924104,-0.37512611040764576,-2.041048966677894,0.6872026099248912,0.12989238660585473
VF0351,3.7674483339054756,-0.14169951980077122,0.48093097092610854,-0.26892055463539893,0.3413759566406246,0.7642039656992855,1.406882068103963
VF0352,-0.3417220861490099,-0.3022984741756664,-0.7762155456592025,-0.4295195090102941,-0.9157705599446864,0.6508217335861162,0.40020812289693913
VF0353,-2.551556812758937,-0.15830933210940581,-0.16080198524540845,-0.28553036694403355,-0.3003569995308924,0.7516155165654583,0.7405537961269874
VF0354,5.950320788505652,0.4680042344863318,0.20052280364927857,0.3407831996517041,0.06096778936379463,1.4060483760383173,1.0628646780883335
VF0355,4.7918115762354745,-0.8502165697905066,0.4201607048468586,-0.9774376046251343,0.28060569056137463,0.3762740274502542,1.3239314623276515
VF0356,-1.3960947709466511,1.5740909278409592,1.4041473046577067,1.4468698930063315,1.2645922903722226,4.249791372918312,3.5416484775274326
VF0357,-0.24952131913081366,1.482049809405881,2.068191324574068,1.3548287745712533,1.9286363102885842,3.8760972134027125,6.880121490474781
VF0358,-0.80013807897935,1.2335067970929676,0.7119319538581205,1.10628576225834,0.5723769395726366,3.0231089704156475,1.772475114537895
VF0359,-0.050274932456610584,1.4362463353536055,0.24013275732884912,1.3090253005189778,0.10057774304336517,3.7025630665494096,1.1058096073666772
VF0360,-0.6714525350692508,0.645921114880912,1.017156949640935,0.5187000800462842,0.877601935355451,1.6798425689170897,2.4051251397291264
VF0361,6.926423346975653,0.2993331937410047,0.15277346538325365,0.172112158906377,0.013218451097769701,1.1878110493313547,1.0133062010356297
VF0362,-1.4526279097439887,1.759478669139673,1.698138875344155,1.6322576343050454,1.558583861058671,5.1154104179856486,4.752086862593929
VF0365,-5.322877166189811,-1.5859212723167708,-0.17352428590847274,-1.7131423071513985,-0.3130793001939567,0.1802983487519119,0.7311919266081638
VF0366,0.5109020471515189,-2.0900640574751894,-1.9728584195019805,-2.217285092309817,-2.1124134337874643,0.10890437315607307,0.1209457194301172
VF0367,5.675947806377269,0.6999531832903265,-1.8507793922733264,0.5727321484556989,-1.9903344065588104,1.7731048252763886,0.1366497212410143
VF0368,-4.394500156972929,-1.2714859847706126,1.8082581922889307,-1.3987070196052402,1.6687031780034467,0.24691601520045245,5.305283326064019
VF0369,-0.9828906184265955,-1.6965101109468979,-2.791988733752194,-1.8237311457815255,-2.931543748037678,0.16142233565201147,0.05331467016640343
VF0370,2.6640594893907275,-1.6759137152122978,-1.2012557047988648,-1.8031347500469255,-1.3408107190843488,0.16478152884380348,0.2616334713274576
VF0372,-4.355408679459064,-2.1783311877232125,-1.2228062422764285,-2.30555222255784,-1.3623612565619125,0.09970372680146594,0.2560554499572115
VF0376,-2.1934052679937164,-0.46353559295556285,0.4013966249636875,-0.5907566277901906,0.26184161067820355,0.5539080239382027,1.2993207276015357
VF0377,-5.5284372921129865,1.3324255153840348,1.8486038360296224,1.205204480549407,1.7090488217441384,3.33744145016047,5.5237049500326805
VF0382,-2.371781281617771,-0.8941514506188057,-1.32375523877,-1.0213724854534334,-1.463310253055484,0.36010036833707043,0.23146878488537326
VF0389,1.1302776175738334,-0.8254955671071597,-0.5774871605002668,-0.9527166019417874,-0.7170421747857507,0.38569182780793004,0.48819411538862645
VF0390,2.2002280521558433,-3.4681003378841124,-2.2504440381199426,-3.59532137271874,-2.3899990524054266,0.02745185947952897,0.09162977070533719
VF0391,2.0342096473836424,-0.158998315001003,0.31912207194873615,-0.2862193498356307,0.1795670576632522,0.7510978446874976,1.1966991492254873
VF0392,6.107527264259391,0.5357964764742246,-0.9166464140919173,0.40857544163959686,-1.0562014283774013,1.5046727634564867,0.347774350238351
VF0394,2.7116661877158434,0.010150255565184755,0.2659541872330712,-0.11707077926944295,0.12639917294758723,0.889522231201559,1.1347350334192765
VF0395,-0.13787918399245289,0,-0.8071537427332152,-0.1272210348346277,-0.9467087570186992,0.8805390212886358,0.38801597907700947
VF0396,2.2004781319464946,0.01676954356924307,0.193706190346214,-0.11045149126538464,0.054151176060730055,0.8954297653008381,1.0556441782211317
VF0397,-4.093980648283028,-1.5838812432918523,0.6557688207310838,-1.71110227812648,0.5162138064455999,0.18066653804724356,1.6756712084052368
VF0398,-3.2088041352751913,1.359681258040285,-1.5485368219073496,1.2324602232056574,-1.6880918361928337,3.429656886917839,0.18487195361017267
VF0400,-2.261975842936848,0.6167041801932726,-0.131560216259201,0.48948314535864484,-0.27111523054468495,1.6314727677308107,0.7625286247536452
VF0401,-5.077828067278893,-1.0302346538794522,0.940036365423161,-1.1574556887140799,0.8004813511376772,0.31428480285122434,2.2266124530194302
VF0403,-0.7922804975528884,-0.5016799083465516,0.6294694308545395,-0.6289009431811794,0.4899144165690556,0.53317747144103,1.6321765267106878
VF0404,-3.9069708311912725,-1.7354432266145428,0.3488920340670686,-1.8626642614491704,0.20933701978158464,0.15525842979453652,1.2328604268743275
VF0406,4.652218738991173,1.135229035044767,-1.113374421903206,1.0080080002101393,-1.25292943618869,2.7401372221158398,0.28566672747475874
VF0408,-2.277809915925185,-0.19800333934964115,-0.5723867024154331,-0.32522437418426886,-0.711941716700917,0.7223652553425037,0.49069048992641406
VF0409,-2.517363928434919,0.7012707321554195,-0.23284821456370777,0.5740496973207918,-0.37240322884919175,1.7754425172001194,0.6890763310410533
VF0410,-3.4292301929801217,0.3201965764542826,1.6506294465702627,0.1929755416196549,1.5110744322847787,1.2128531287332194,4.5315970737999205
VF0412,-3.929278516268148,-1.8703094259150919,-1.498308709850392,-1.9975304607497195,-1.637863724135876,0.13566991204994314,0.1943948801196148
VF0418,-3.0447465062362604,0.7968454764853842,0.4908341021212049,0.6696244416507564,0.3512790878357209,1.9535035282933164,1.420883821971693
VF0419,-4.8459405456715885,-1.9637806937218318,1.018861896824513,-2.0910017285564595,0.8793068825390289,0.12356329691827626,2.4092292487126192
VF0422,5.381041725638446,-0.9164847121356533,0.4909422104534909,-1.043705746970281,0.35138719616800695,0.3521472922658269,1.4210374396555847
VF0428,-1.202554823905044,-1.8584928406168588,-0.213517579428827,-1.9857138754514865,-0.35307259371431093,0.13728257646652547,0.7025261925403766
VF0429,2.654985155431318,-1.7429850812377339,-2.0976239760039816,-1.8702061160723615,-2.2371789902894657,0.15409189772495732,0.10675924885597418
VF0430,-2.148629022393267,-0.9925106221337537,-0.1697586028076826,-1.1197316569683815,-0.3093136170931665,0.3263673612807102,0.7339505544889597
VF0431,-2.4118140974920697,1.9073309044425235,0.14162188120801233,1.7801098696078959,0.0020668669225283876,5.930507965382675,1.002069004364315
VF0432,0.7293430516052285,0.06802311834900944,-0.7474077327000113,-0.05919791648561827,-0.8869627469854953,0.9425202104085145,0.41190491422475717
VF0434,-3.4102313357699905,-1.357759634545738,0.22133577854054712,-1.4849806693803655,0.08178076425506317,0.22650671914938186,1.085217865200422
VF0436,3.1812177526019196,2.0963502067958077,-1.77980937944002,1.96912917196118,-1.919364393725504,7.164434780324878,0.1467001760559048
VF0439,-2.462542310273652,-0.6278185661298362,0.5491522626251342,-0.755039600964464,0.4095972483396502,0.46999200222542536,1.5062110339412773
VF0441,3.31810490801388,1.317667581986394,-1.7693262898037558,1.1904465471517665,-1.9088813040892398,3.288549371911848,0.14824613621283414
VF0442,2.0162056145054223,-2.3288486157733765,-0.7287614750608247,-2.456069650608004,-0.8683164893463087,0.0857714009247404,0.41965745267542537
VF0444,6.1075272642593905,0.5357964764742247,-0.9166464140919174,0.40857544163959697,-1.0562014283774013,1.504672763456487,0.347774350238351
VF0445,-1.0108445870669172,0.2191994959634728,0.4687057524771312,0.09197846112884508,0.32915073819164725,1.096341207874488,1.389787333828504
VF0446,-2.8482679829038444,0.5594814734741702,0.6568832039007989,0.4322604386395425,0.517328189615315,1.540736330186639,1.6775395890504785
VF0447,-5.522935694997736,0.33337350489356166,1.0543663743201497,0.20615247005893395,0.9148113600346657,1.2289405663519521,2.496304304729047
VF0449,4.836942461588028,1.0569265479309262,-2.2361722509033073,0.9297055130962986,-2.3757272651887913,2.53376290774648,0.0929468676030085
VF0450,0.6257419104348236,0.2718306620048808,0.5299061503388488,0.1446096271702531,0.39035113605336486,1.1555883719031979,1.4774995061534624
VF0451,1.4364014008277048,1.1719410932582195,-0.03616866339487318,1.0447200584235918,-0.17572367768035713,2.8426026495910186,0.838849744222402
VF0454,3.4377768669039996,0.8973383450767755,-1.7491140684019806,0.7701173102421477,-1.8886690826874646,2.16001963134873,0.15127300678140218
VF0455,4.525476027145504,0.743088091839069,-0.42509781322642426,0.6158670570044413,-0.5646528275119083,1.8512610527444546,0.5685575000196518
VF0456,5.0196173780707065,0.9996214962058023,-0.30471001766206207,0.8724004613711747,-0.444265031947546,2.3926474232770345,0.64129543452445
VF0457,5.054536399936782,-0.010732537417475933,-1.3505618523708545,-0.13795357225210364,-1.4901168666563385,0.8711391358351083,0.22534631852974482
VF0460,3.457282546778779,-1.3245736405922142,-0.8231815523893674,-1.4517946754268418,-0.9627365666748513,0.23414968809502082,0.3818465064599803
VF0462,-1.3464979005634325,2.0333434024468047,1.817887826905507,1.906122367612177,1.678332812620023,6.726953506962367,5.3566180365964415
VF0463,-3.2997863014989064,2.013582927510755,1.205602592544771,1.8863618926761272,1.066047578259287,6.595330460691717,2.9038794321886523
VF0465,6.926423346975653,0.2993331937410047,0.15277346538325365,0.172112158906377,0.013218451097769701,1.1878110493313547,1.0133062010356297
VF0466,-1.799508121451871,-1.1420523371413092,-0.624094130851923,-1.2692733719759368,-0.763649145137407,0.28103575606067044,0.46596295434168283
VF0467,0.6304403693227544,1.4985459415032638,0.7545147446258598,1.3713249066686362,0.6149597303403758,3.940568123389632,1.8495821160163646
VF0468,4.839800707123663,0.06133831808566393,0.08966905359738031,-0.06588271674896379,-0.04988596068810364,0.936240663201439,0.9513379082353273
VF0469,-1.6366454184952053,2.376660867617904,1.4857112029460566,2.2494398327832763,1.3461561886605726,9.48242260606971,3.8426267747348954
VF0472,-2.1112240297588025,0.4121264828921414,1.2177271242315015,0.28490544805751367,1.0781721099460175,1.3296363024825657,2.9393019169612167
VF0473,6.926423346975653,0.2993331937410047,0.15277346538325365,0.172112158906377,0.013218451097769701,1.1878110493313547,1.0133062010356297
VF0474,-4.310459229033729,1.9689477832534923,1.257541352675807,1.8417267484188646,1.117986338390323,6.307420190987031,3.058688833611987
VF0475,-3.85332407917507,-1.2317969742887327,1.5703148838606598,-1.3590180091233603,1.4307598695751758,0.2569129392852066,4.181875665002783
VF0477,0.9757760543220116,2.769541028754595,-0.5913317152894035,2.6423199939199673,-0.7308867295748875,14.0457518962196,0.4814818565402484
VF0478,-3.510275235820087,2.3932284521239016,0.3777452858961906,2.266007417289274,0.23819027161070666,9.64083205145425,1.2689506151337253
VF0479,-2.1696230708124036,-0.05570406275279704,-1.402652583075306,-0.18292509758742476,-1.54220759736079,0.8328305344171991,0.21390835628072616
VF0480,-3.2762572225984483,-1.3330389149732553,-0.9429007167733582,-1.460259949807883,-1.082455731058842,0.2321759128006352,0.338762593512414
VF0482,-0.9884602955363534,0.8616177723012078,0.3514445028778185,0.7343967374665801,0.21188948859233453,2.084224278758761,1.2360112841837585
VF0486,2.7116661877158434,0.010150255565184755,0.2659541872330712,-0.11707077926944295,0.12639917294758723,0.889522231201559,1.1347350334192765
VF0487,-4.457303287904599,0.1705499478784096,-0.054395812807467435,0.04332891304378189,-0.1939508270929514,1.044281316115898,0.8236984069179516
VF0488,-3.3918990368680766,-0.29653234569478953,-0.9085958320180976,-0.42375338052941725,-1.0481508463035816,0.6545852954831987,0.35058543644559803
VF0489,5.510623942458635,0.4586452593910028,-1.6574890221436491,0.3314242245563751,-1.7970440364291331,1.392950590830161,0.16578822859332074
VF0491,-2.8271900569217423,-0.5883235439792813,-0.4859524217466128,-0.715544578813909,-0.6255074360320967,0.4889257806620445,0.5349898864845011
VF0492,-3.402643041871485,-0.43580748377074074,-1.4376302394459246,-0.5630285186053685,-1.5771852537314086,0.5694817634722795,0.20655568255948034
VF0493,0.3908806555061958,-0.15479548336883445,1.2781153953008089,-0.2820165182034622,1.1385603810153249,0.7542612253898032,3.122270248650795
VF0494,6.314702598744765,0.13026373006657255,0.06486360174818463,0.0030426952319448364,-0.07469141253729931,1.0030473289275315,0.9280298205143338
VF0499,-2.377807358004038,-2.129747117052461,0.8311172461110065,-2.2569681518870888,0.6915622318255226,0.1046673396603103,1.9968326132670076
VF0504,6.454313034274131,0.12532829053071226,0.07404671350459499,-0.0018927443039154501,-0.06550830078088896,0.998109045806999,0.936591272288427
VF0512,2.7116661877158434,0.010150255565184755,0.2659541872330712,-0.11707077926944295,0.12639917294758723,0.889522231201559,1.1347350334192765
VF0513,6.144460604786711,0.44259994718607026,0.23127503882184547,0.31537891235144255,0.09172002453636152,1.3707786175142185,1.0960579097973973
VF0515,-3.9947547709307356,-1.7192155447431665,1.6422942006903263,-1.8464365795777942,1.5027391864048423,0.15779846792606486,4.493982080847546
VF0519,3.115326801506504e-4,0.17227155387383497,0.3103458795796196,0.04505051903920726,0.17079086529413567,1.0460807055660282,1.1862426385730616
VF0521,-4.8969194553666435,-1.5687242656296099,2.5248160623855123,-1.6959453004642375,2.3852610481000283,0.18342575459693225,10.861897772630922
VF0524,-2.033736914774442,-1.5606023749836964,-0.502107534054898,-1.687823409818324,-0.6416625483403819,0.18492158477928813,0.5264165032306649
VF0525,-0.05848688730963439,-1.898627501043207,-2.095876915388247,-2.025848535877835,-2.235431929673731,0.13188188918144494,0.1069459267563378
VF0529,5.227634037421128,0.7852064054221795,-0.6226120403877976,0.6579853705875518,-0.7621670546732815,1.9308983686242063,0.466654065611152
VF0530,1.682844739754962,2.748093655337166,-1.0923940003228303,2.6208726205025386,-1.2319490146083143,13.74771489026393,0.29172344997632277
VF0538,1.3500187455956143,2.3721608140901447,1.776711272733903,2.244939779255517,1.637156258448419,9.439847064724985,5.140530367325024
VF0539,-0.6162802566200041,-1.7594482671950135e-4,-0.44418177911712453,-0.12739697966134722,-0.5837367934026085,0.8803841086315553,0.5578100462838573
VF0542,6.926423346975653,0.2993331937410047,0.15277346538325365,0.172112158906377,0.013218451097769701,1.1878110493313547,1.0133062010356297
VF0543,6.926423346975653,0.2993331937410047,0.15277346538325365,0.172112158906377,0.013218451097769701,1.1878110493313547,1.0133062010356297
VF0544,-3.805418097468715,-1.2657393561279087,0.8787371655148657,-1.3929603909625363,0.7391821512293817,0.24833903471197089,2.0942220569806085
VF0550,6.926423346975653,0.2993331937410047,0.15277346538325365,0.172112158906377,0.013218451097769701,1.1878110493313547,1.0133062010356297
VF0551,-0.6560753119410379,0.6758779269264303,1.0339730568625354,0.5486568920918027,0.8944180425770514,1.7309266346737442,2.445911958577846
VF0552,5.7778353824233255,-0.5198897799977832,-0.7448125076264673,-0.647110814832411,-0.8843675219119513,0.5235562446360215,0.41297528851640436
VF0553,2.7116661877158434,0.010150255565184755,0.2659541872330712,-0.11707077926944295,0.12639917294758723,0.889522231201559,1.1347350334192765
VF0554,0.9761411280591945,-0.4195381123425276,-0.7292395114055423,-0.5467591471771553,-0.8687945256910263,0.5788226529664637,0.4194568891028728
VF0555,0.4524639671851312,-0.5485105732607382,-0.1118448310937725,-0.6757316080953659,-0.2513998453792564,0.5087840538782911,0.7777113450941225
VF0557,0.006472252206504907,1.6151485794216367,0.7876619582907864,1.487927544587009,0.6481069440053024,4.427909358619188,1.9119180331240877
VF0558,6.926423346975653,0.2993331937410047,0.15277346538325365,0.172112158906377,0.013218451097769701,1.1878110493313547,1.0133062010356297
VF0559,5.799399763352276,0.6502331955291829,0.3767252768297124,0.5230121606945553,0.23717026254422846,1.6871018255524495,1.2676569338968355
VF0560,6.926423346975653,0.2993331937410047,0.15277346538325365,0.172112158906377,0.013218451097769701,1.1878110493313547,1.0133062010356297
VF0561,1.9437674567069185,0.6485868330056774,-1.1322577968860765,0.5213657981710498,-1.2718128111715605,1.6843265295320744,0.2803229882446614
VF0562,-0.8105215907829493,0.7086903267685366,1.0406072764635217,0.5814692919339088,0.9010522621780377,1.7886645714212315,2.462192620666325
VF0563,-0.06548868706470168,-1.793236228029671,-1.693923076511794,-1.9204572628642986,-1.833478090797278,0.14653993953555994,0.15985660396815238
VF0564,-4.044946476627455,-0.8341573428515581,1.1425298594980857,-0.9613783776861857,1.0029748452126017,0.3823654785317133,2.7263803360737935
VF0565,-1.6442199706714096,0.979636164462594,-0.08029324415953362,0.8524151296279663,-0.21984825844501757,2.3453042312593904,0.8026405826524494
VF0566,-1.385893991292167,-0.033633940149487444,-0.34059818218216165,-0.16085497498411516,-0.4801531964676456,0.8514155387060149,0.6186886036370701
VF0567,2.7116661877158434,0.010150255565184755,0.2659541872330712,-0.11707077926944295,0.12639917294758723,0.889522231201559,1.1347350334192765
VF0568,6.454313034274131,0.12532829053071226,0.07404671350459499,-0.0018927443039154501,-0.06550830078088896,0.998109045806999,0.936591272288427
VF0569,-2.203275992310156,-2.289158975925266,0.7866561352002439,-2.4163800107598936,0.6471011209147599,0.08924409609023384,1.9099959486196796
VF0571,-3.6553774354435635,-0.06025538853532584,2.6610874670461664,-0.18747642336995354,2.5215324527606824,0.8290486641236302,12.447657502033083
VF0572,5.675947806377269,0.6999531832903264,-1.8507793922733262,0.5727321484556986,-1.9903344065588102,1.7731048252763881,0.13664972124101432
VF0573,5.575023609941411,-0.38041804480913877,-1.3111839145013495,-0.5076390796437664,-1.4507389287868335,0.6019149759305839,0.2343970213791548
VF0575,-3.2182402615070913,-0.6838435273164222,0.7809178964277464,-0.8110645621510499,0.6413628821422626,0.44438473915079546,1.899067321335978
VF0579,-5.612773258240257,-1.4276126784286547,0.09878929340167963,-1.5548337132632823,-0.04076572088380431,0.21122450355423003,0.9600540242110479
VF0580,1.7702693429030079,0.40149674367461596,-0.9792376394835105,0.27427570883998825,-1.1187926537689945,1.3155774685790458,0.32667396520563313
VF0581,-0.4861132422949892,1.7129496803045579,-0.18708301974784583,1.5857286454699302,-0.3266380340333298,4.882847947653795,0.7213447980443675
VF0583,0.7677045900152271,1.8748067653709388,1.0961022307682142,1.7475857305363112,0.9565472164827302,5.740726271918827,2.602694400934668
VF0584,-2.4406240252631677,3.1224208875347053,2.87249906792871,2.9951998527000776,2.732944053643226,19.98935441713837,15.378094375586713
VF0586,-1.6201185831782239,-0.5654049585729995,0.46549973940420647,-0.6926259934076273,0.3259447251187225,0.5002606614969702,1.3853387923191496
VF0587,-5.208721873440469,-1.701304836589487,0.560451152495797,-1.8285258714241146,0.4208961382103131,0.16065021237882268,1.5233260548218732
VF0592,-3.6320071068915807,-0.9006509001792802,0.6449359947832873,-1.0278719350139078,0.5053809804978033,0.357767503537136,1.6576169198970876
VF0593,-0.8543757041521068,3.294976197658802,2.1936305606871653,3.1677551628241742,2.0540755464016813,23.754100372076934,7.799624148163569
VF0594,-1.783446088108351,2.117509609198652,2.0981851147228325,1.9902885743640244,1.9586301004373485,7.317645142442961,7.089608358460845
VF0595,4.911244587239313,0.9310427282005069,-1.0696272600905468,0.8038216933658793,-1.2091822743760308,2.2340625366092373,0.2984412227120182
VF0602,-4.416369457381955,0.40790325833035995,2.2099059281961257,0.28068222349573224,2.0703509139106417,1.324032790564776,7.927604536511624
VF0607,5.950320788505652,0.4680042344863318,0.20052280364927857,0.3407831996517041,0.06096778936379463,1.4060483760383173,1.0628646780883335
VF0609,-4.566953367979589,0.1354309229319761,1.2454678383951718,0.008209888097348378,1.1059128241096878,1.008243681645745,3.02198174795824
VF0613,-1.2224221228943803,-2.1945589243406136,-1.411473081645646,-2.3217799591752413,-1.55102809593113,0.09809881821952857,0.21202987468109386
VF0615,0.17136343936458334,-0.8892600852408188,-0.4991991423712443,-1.0164811200754464,-0.6387541566567283,0.36186606562622425,0.5279497571815357
VF0619,3.869726734796117,1.4969352483115734,0.22904587636164556,1.3697142134769458,0.08949086207616161,3.934226185970699,1.093617339874731
VF0621,-3.1268688907812914,-0.7384023220809794,-1.4678401708258515,-0.8656233569156071,-1.6073951851113355,0.4207891690179788,0.20040896302231498
VF0622,-4.105906377614002,-1.3331147313435918,-0.7235665943205581,-1.4603357661782195,-0.863121608606042,0.23215831073291798,0.42184319551501626
VF0624,2.029188725584552,-0.39019944313797084,-1.3718618770825248,-0.5174204779725986,-1.5114168913680088,0.5960561064714568,0.22059719416116064
VF0625,-1.0295987063940544,2.194889848876438,2.032116745881964,2.0676688140418102,1.89256173159648,7.90637039819316,6.6363474652007515
VF0626,-2.1110530158593046,-0.10385509100364229,0.6231754442700999,-0.23107612583827,0.4836204299846159,0.7936790442528814,1.621935890567636
VF0628,4.573137636679624,0.541500233205291,-0.8191460807294001,0.41427919837066324,-0.958701095014884,1.5132795730996702,0.3833905505930274
VF0629,-2.7635469842311244,2.1142073248004944,0.9650113442238017,1.9869862899658668,0.8254563299383177,7.293520052934998,2.2829222934603552
VF0631,0.68053002721715,-0.08982666184924423,0.07765749192734012,-0.21704769668387194,-0.06189752235814383,0.8048915777302992,0.9399792087082854
VF0635,-2.0585743397747858,-0.6633221580391201,-0.027358826567343387,-0.7905431928737479,-0.16691384085282734,0.4535983369670311,0.8462725223149676
VF0636,2.681475502703129,-1.9090283884969939,-1.6341092123574794,-2.0362494233316215,-1.7736642266429634,0.13051730921767943,0.16970999224696848
VF0638,-0.3094853026959358,0.9887413009653131,0.3613374564808341,0.8615202661306853,0.22178244219535015,2.3667560591334764,1.2482997709625385
VF0641,0.5594599150837444,-0.6017329944010654,-0.40794754957536933,-0.7289540292356931,-0.5475025638608533,0.482413316514261,0.5783925064582022
VF0643,0.5970838858961259,-3.6114113168438178,-0.3629018373448469,-3.7386323516784454,-0.5024568516303308,0.023786612616286538,0.6050423329201693
VF0646,0.7402091509618496,1.924150097420243,1.0149294600796466,1.7969290625856154,0.8753744457941626,6.031097872566355,2.399773710925373
VF0647,4.948525698219185,0.1779860460173429,0.08714695747067708,0.0507650111827152,-0.05240805681480687,1.0520756382233345,0.9489415657550797
VF0648,-2.7449848014522082,-0.8506073036348446,-0.5687082510616841,-0.9778283384694724,-0.7082632653471681,0.37612703317267376,0.49249879486521597
VF0650,-0.7297247235290583,2.8430916835117843,1.3224708090708461,2.7158706486771567,1.1829157947853621,15.117766607202407,3.2638771377913725
VF0655,0.9466371699135646,0.6176105874898418,0.7877956715001171,0.49038955265521406,0.6482406572146331,1.6329522169421262,1.9121736989128395
VF0659,6.926423346975653,0.2993331937410047,0.15277346538325365,0.172112158906377,0.013218451097769701,1.1878110493313547,1.0133062010356297
VF0660,-0.9609652209659504,1.8960809560748515,1.541122877393541,1.7688599212402238,1.401567863108057,5.8641639401216406,4.061562952109957
VF0661,-1.7183772616783812,-1.1143708691454781,-1.2308448241962153,-1.2415919039801058,-1.3703998384816993,0.2889239125289481,0.25400537812133944
VF0664,-3.855138362146642,-0.3075848996414807,0.8699007419670528,-0.43480593447610844,0.7303457276815688,0.6473902910239918,2.0757981445107085
VF0666,3.9908067556770113,-0.6469020179036489,0.7883363335448366,-0.7741230527382765,0.6487813192593526,0.46110797111898494,1.9132078181840817
VF0667,-4.364620857242357,-0.7683239889472666,0.6036917663812021,-0.8955450237818943,0.4641367520957182,0.40838495845973455,1.590640478986361
VF0668,-1.88792530872767,-1.0082466755044412,-0.6846304399344357,-1.135467710339069,-0.8241854542199196,0.3212718240355779,0.43859210034936064
VF0669,-3.3435091326404858,-0.043548184936157766,0.3257196732419449,-0.17076921977078546,0.18616465895646095,0.8430161024733931,1.2046205956185505
VF0670,-3.1906703461875714,-1.312875063131589,0.5551337875255046,-1.4400960979662167,0.4155787732400206,0.23690499150032956,1.5152474716419635
VF0672,-2.1783958273387007,-1.924621692159635,-1.1253791592641098,-2.0518427269942627,-1.2649341735495938,0.12849789874053938,0.2822578755630554
VF0676,5.410101460241991,0.15627133705252727,0.0981115425645509,0.02905030221789956,-0.041443471720933045,1.0294763781177985,0.9594035672412268
VF0679,-2.5687497908448766,1.0996904535748142,-0.20853912944228922,0.9724694187401866,-0.34809414372777314,2.6444666985931553,0.7060324045629948
VF0681,-1.4879438003545797,2.0440817881617988,1.5312921129394612,1.916860753327171,1.3917370986539772,6.799579372796641,4.021830304554724
VF0682,-1.7388746400126074,1.3508749337640849,-0.009190309824277716,1.2236538989294572,-0.14874532410976166,3.399586813953276,0.8617885637232733
VF0684,1.3786071168410041,0.0370915284339245,-0.2544977010502784,-0.09012950640070322,-0.39405271533576236,0.9138128329967873,0.6743185083769138
VF0685,0.8534646374256559,0.683573674573295,-1.9205387734284876,0.5563526397386673,-2.0600937877139716,1.7442987976486948,0.12744201683888137
VF0688,-2.8064923100147645,0.936891804379912,1.5530915179588074,0.8096707695452843,1.4135365036733234,2.2471680287228892,4.110466409391331
VF0689,-0.3965211085475768,-1.2698725376688538,-1.643460783599841,-1.3970935725034814,-1.783015797885325,0.2473147226897837,0.16813033481542
VF0692,-1.3187795566268183,1.8509394059257538,0.9320430007795508,1.7237183710911261,0.7924879864940668,5.605332468008052,2.208885272061288
VF0694,-2.4604744604223017,0.3020748596622217,0.8104076495506517,0.17485382482759398,0.6708526352651678,1.1910720987174335,1.9559042828464157
VF0695,5.389763050770842,-0.36946585791145137,-1.3822518566424484,-0.4966868927460791,-1.5218068709279324,0.6085434933667575,0.21831705961052897
VF0696,6.926423346975653,0.2993331937410047,0.15277346538325365,0.172112158906377,0.013218451097769701,1.1878110493313547,1.0133062010356297
VF0698,-1.954278713004067,0.1816620767182137,0.8917420281631453,0.05444104188358598,0.7521870138776614,1.0559502177425508,2.121634991557845
VF0700,3.1856322495274596,1.1123561813815157,-3.622579451414664,0.985135146546888,-3.762134465700148,2.6781738059061135,0.023234095031685213
VF0701,0.22238206270413438,-0.37657134991948965,-0.8991890401860226,-0.5037923847541174,-1.0387440544715065,0.6042348181946201,0.35389888067241554
VF0702,2.3448228409953056,0.13556557189689863,-0.0477664828722308,0.008344537062270924,-0.18732149715771473,1.008379449754181,0.8291771154429058
VF0703,2.7321937572871486,-1.8195527579858162,-1.1240762771341906,-1.9467737928204438,-1.2636312914196746,0.1427338184382581,0.2826258639758639
VF0704,-2.906183013478909,0.5732660051272117,-0.7709547771805084,0.446044970292584,-0.9105097914659923,1.5621217140247385,0.402319072915956
VF0711,6.926423346975653,0.2993331937410047,0.15277346538325365,0.172112158906377,0.013218451097769701,1.1878110493313547,1.0133062010356297
VF0713,4.57088551116243,1.235921896105176,-0.95375701487957,1.1087008612705485,-1.093312029165054,3.030418901454458,0.33510477690928403
VF0720,-0.38784678513449344,-1.7149563414715974,-1.9760439809758301,-1.842177376306225,-2.115598995261314,0.15847199700734063,0.1205610524213689
VF0721,-1.6497930623654216,0.7135450775618747,-1.5797976930213968,0.5863240427272469,-1.7193527073068808,1.797369204484157,0.1791820936419851
VF0723,2.7116661877158434,0.010150255565184755,0.2659541872330712,-0.11707077926944295,0.12639917294758723,0.889522231201559,1.1347350334192765
VF0724,-0.22485816868575922,2.1217188483128973,1.3949608886671743,1.9944978134782696,1.2554058743816903,7.348511777550823,3.509262405043079
VF0725,-3.6706269839658563,-1.2029221416830613,2.324280756290952,-1.330143176517689,2.184725742005468,0.26443939707724157,8.888210556264415
VF0726,-2.997212434826722,0.7497026635832459,0.4921516271897668,0.6224816287486181,0.35259661290428285,1.8635469399413005,1.4227571058048785
VF0729,0.5145678743538663,-1.932582825495254,-1.4428881992515346,-2.0598038603298816,-1.5824432135370186,0.12747897112621767,0.2054724713190935
VF0730,-2.910771302976475,1.0572247162209962,0.9428578550793683,0.9300036813863686,0.8033028407938843,2.534518508142567,2.2329036881778617
VF0731,1.2739002850359336,-1.8996936172712793,-0.12215981254652095,-2.026914652105907,-0.26171482683200487,0.13174136268130116,0.7697304988967438
VF0732,0.7698114231333975,1.8731568620237766,1.106834065470173,1.745935827189149,0.9672790511846889,5.7312624377803125,2.6307765037451443
VF0735,-4.528353358918315,1.82777541045852,1.0182961598746603,1.7005543756238923,0.8787411455891763,5.476982856043613,2.4078666441801655
VF0737,-4.04690987939081,-0.8536946728981591,-1.500579289536241,-0.9809157077327868,-1.640134303821725,0.37496758088101545,0.19395399177925463
VF0738,-2.285861094546152,2.3334062010521355,1.0989001389020319,2.206185166217508,0.9593451246165479,9.081007696239904,2.609986697599778
VF0739,0.4228480440648164,-1.8458186862500265,-1.3473013610162576,-1.9730397210846542,-1.4868563753017416,0.13903358990049647,0.22608225736223336
VF0740,0.7143643914846122,-0.5820579893304002,-0.9973902747300252,-0.709279024165028,-1.1369452890155092,0.4919987888572928,0.3207974701729205
VF0741,-0.9359632401733288,1.4821591256940012,0.8207219708314822,1.3549380908593736,0.6811669565459983,3.8765209571230983,1.9761825062951142
VF0742,-3.5877609379541524,2.570699043537325,1.6428482092182322,2.4434780087026975,1.5032931949327482,11.513013550937576,4.496472475030703
VF0744,-2.9295520172130693,1.5101153592831253,0.06800239869611724,1.3828943244484977,-0.07155261558936671,3.9864229476319055,0.9309472939656805
VF0745,-1.5989363081020818,1.3500070401288593,0.2863629208831535,1.2227860052942316,0.14680790659766957,3.3966376141760284,1.158131472246184
VF0746,-2.2330703080443497,0.013490820232924557,-0.3491345187761883,-0.11373021460170316,-0.48868953306167223,0.8924987065244633,0.6134297470882838
VF0747,-0.4817046535724261,-0.9261548332662841,-0.44728505216460707,-1.0533758681009118,-0.586840066450091,0.348758397214888,0.5560816925654125
VF0748,5.054683033216927,-0.41861069086776737,0.3475212871481497,-0.545831725702395,0.20796627286266578,0.5793597145276207,1.2311716449534675
VF0749,1.0199648839256095,-0.4388558215226363,-0.5308007573443853,-0.566076856357264,-0.6703557716298691,0.5677484339428186,0.5115265587723259
VF0750,2.0562072577842243,-0.15326566607870395,-0.4694981696704786,-0.28048670091333167,-0.6090531839559625,0.7554159903181443,0.5438655660180928
VF0751,1.4746073245408315,-0.4567789219656681,-0.06338368595408614,-0.5839999568002958,-0.20293870023957009,0.557663270410679,0.8163282806199331
VF0753,-3.73008566446151,0.8731371302417826,0.975449929794896,0.7459160954071549,0.835894915509412,2.1083720204699863,2.306877585333069
VF0754,-3.4266167801937097,-0.6152751708768971,0.9797984024387589,-0.7424962057115247,0.8402433881532749,0.47592442626264964,2.316930821675678
VF0755,-0.6194581768652633,2.7213114449825495,1.9722176968567298,2.594090410147922,1.8326626825712458,13.384407501669592,6.250507638257959
VF0756,-4.497843434498031,-0.023851109559305746,-0.6688932044538444,-0.15107214439393346,-0.8084482187393283,0.8597856677057303,0.44554892452561484
VF0758,5.8250661290255765,0.6401716226247126,-1.4884112264417908,0.5129505877900848,-1.6279662407272748,1.6702120389336643,0.1963284531896011
VF0780,-3.557189784494249,-2.1504420479929274,-1.4427061508828718,-2.277663082827555,-1.5822611651683558,0.1025235159486999,0.20550988065235298
VF0783,5.197511201680506,0.9127399849494838,-1.4666636653728655,0.7855189501148561,-1.6062186796583495,2.193544985835698,0.20064488401409183
VF0784,-1.9269926194136473,0.09336138302271717,1.2977205649292753,-0.03385965181191054,1.1581655506437913,0.966707170716863,3.1840868691797146
VF0785,-2.026886639558496,0.6108197969824307,0.6945832110243931,0.483598762147803,0.5550281967389092,1.621900747106181,1.7419901025216953
VF0786,6.311168712527612,0.40059735923815915,0.2104588490219185,0.27337632440353143,0.07090383473643455,1.314394790599658,1.0734779896107634
VF0787,-1.2713195508317794,2.8271845391445667,1.7792362139904088,2.699963504309939,1.6396811997049248,14.879188688704913,5.153526304614472
VF0788,-2.503686796758833,0.21810314363437555,1.6247031751380747,0.09088210879974784,1.4851481608525907,1.0951398902917453,4.415619586278549
VF0789,-4.967431580108315,-1.0121504812826176,1.4376705015810054,-1.1393715161172453,1.2981154872955214,0.32002008609312427,3.662388342889986
VF0790,0.9778629323403233,0.7102633587010327,0.8048016902120031,0.5830423238664051,0.6652466759265192,1.791480412031567,1.9449702395028186
VF0791,-0.957687324003695,1.600931282867033,1.5962540190363026,1.4737102480324054,1.4566990047508186,4.36540185490061,4.291769010700297
VF0792,0.7750274704868185,1.8677395504608318,1.07017876991349,1.7405185156262042,0.9306237556280059,5.7002983502863644,2.536090585136273
VF0793,-1.4197742569028673,1.4816909852805948,0.6950623513747722,1.3544699504459672,0.5555073370892882,3.8747066257137153,1.7428249602608172
VF0795,-1.734750784378896,2.6657492088706727,2.5455219481167752,2.538528174036045,2.4059669338312912,12.661022428955144,11.089147571843826
VF0796,-2.3630310490828563,-1.3961239831710441,-0.6447263500216255,-1.5233450180056718,-0.7842813643071094,0.21798151398868273,0.4564476034903957
VF0798,6.926423346975653,0.2993331937410047,0.15277346538325365,0.172112158906377,0.013218451097769701,1.1878110493313547,1.0133062010356297
VF0799,-0.8897283877927816,-0.742598846223015,-0.8232050570914436,-0.8698198810576427,-0.9627600713769275,0.4190270171539841,0.38183753137708587
VF0800,0.7628250170444523,-1.377788385164723,-2.4346608565324943,-1.5050094199993507,-2.5742158708179783,0.22201520243903614,0.0762135606514252
VF0802,-2.1960756414017797,1.9877058394583067,1.8948766212039312,1.860484804623679,1.7553216069184472,6.426851783742395,5.7853080378890525
VF0803,-2.1326552017708678,-1.3703467468771855,0.6454397155318404,-1.4975677817118132,0.5058847012463565,0.22367352192394957,1.6584521062654842
VF0805,-1.09350260304998,2.648456012473148,1.9331191567427903,2.5212349776385206,1.7935641424573063,12.44395518429805,6.010837815792096
VF0807,2.3825474381753344,-0.6814169932040646,-0.9312199867320142,-0.8086380280386922,-1.0707750010174981,0.44546436322193306,0.3427427884521067
VF0808,5.459313185063119,-0.29964353455714754,-1.6777228395761887,-0.42686456939177525,-1.8172778538616727,0.652551921747457,0.16246740956303382
VF0809,5.575023609941411,-0.38041804480913904,-1.311183914501349,-0.5076390796437668,-1.450738928786833,0.6019149759305836,0.2343970213791549
VF0811,-1.8364381592738268,2.5591938784748582,1.4856624816394077,2.4319728436402306,1.3461074673539237,11.381313497837661,3.84243956149814
VF0812,1.8112936141616671,0.8686488342320207,0.7051312569572451,0.741427799397393,0.5655762426717612,2.0989302273748027,1.7604619437863327
VF0813,4.796979656408236,-1.3601926959427093,-0.6085203246746357,-1.487413730777337,-0.7480753389601196,0.22595628428731018,0.4732765737016448
VF0814,4.994753339090333,-2.7884697812662953,-0.71850172041188,-2.915690816100923,-0.858056734697364,0.05416659894643363,0.4239851980167708
VF0815,2.6761272289122515,1.4283708140135079,-0.549613859566288,1.3011497791788802,-0.6891688738517721,3.673517974849343,0.5019931153374053
VF0816,4.823016129439871,-1.5078079803026063,-0.7884538619950211,-1.635029015137234,-0.928008876280505,0.19494671481143744,0.39534009826091865
VF0817,-2.2834594278703237,0.44996670171419517,0.9174748819955797,0.32274566687956746,0.7779198677100958,1.3809140940488085,2.176939230889556
VF0818,-0.9470672362778424,-0.9150831165624774,-0.7109290642339405,-1.0423041513971052,-0.8504840785194245,0.3526412064048513,0.42720807963171004
VF0819,5.098065050043482,-0.6993073007408991,-0.4882467166454532,-0.8265283355755269,-0.6278017309309372,0.43756573389163944,0.5337638688777704
VF0821,-3.9896789018135403,0.03174193859927446,2.5587720867329313,-0.09547909623535325,2.4192170724474473,0.9089373616677715,11.237058067591173
VF0822,0.36766882841845394,-1.6046569156219612,-1.5585227373149428,-1.7318779504565889,-1.6980777516004268,0.17695179104990896,0.18303502489220236
VF0823,0.940334173811814,-1.9414249731422635,-1.8908360244877895,-2.0686460079768914,-2.0303910387732733,0.1263567519669626,0.13128417390745134
VF0826,2.7116661877158434,0.010150255565184755,0.2659541872330712,-0.11707077926944295,0.12639917294758723,0.889522231201559,1.1347350334192765
VF0827,2.0037549230477834,0.5916533638895785,0.5469740966394964,0.46443232905495074,0.4074190823540124,1.5911107051529587,1.5029338267462744
VF0833,0.19241877598881124,1.2342722805987143,1.3531125751476512,1.1070512457640866,1.2135575608621672,3.02542399641264,3.3654361247406124
VF0836,0.34713641288936387,-1.264980994718455,-1.989470055039964,-1.3922020295530826,-2.129025069325448,0.2485274368817956,0.11895320847064428
VF0838,5.216017861178642,0.48545354607135416,-2.2737583716708887,0.35823251123672645,-2.4133133859563727,1.4307982584799483,0.0895181943122692
VF0840,6.926423346975653,0.2993331937410047,0.15277346538325365,0.172112158906377,0.013218451097769701,1.1878110493313547,1.0133062010356297
VF0841,5.411817820580654,0.813561636530665,-2.6202431407207962,0.6863406016960374,-2.7597981550062802,1.9864330668514725,0.0633045447756122
VF0842,6.926423346975653,0.2993331937410047,0.15277346538325365,0.172112158906377,0.013218451097769701,1.1878110493313547,1.0133062010356297
VF0846,0.5346876805182483,0.7927000038410844,0.7007672271582637,0.6654789690064566,0.5612122128727797,1.9454220951095729,1.7527959748285329
VF0847,6.1075272642593905,0.5357964764742246,-0.9166464140919173,0.40857544163959686,-1.0562014283774013,1.5046727634564867,0.347774350238351
VF0848,-2.0429654977705916,0.29570980388262835,-0.10727845630958344,0.16848876904800064,-0.24683347059506738,1.1835149347707945,0.7812707872581537
VF0849,6.926423346975653,0.2993331937410047,0.15277346538325365,0.172112158906377,0.013218451097769701,1.1878110493313547,1.0133062010356297
VF0850,-0.433036667549237,-2.3738706311347806,-0.7567577808249533,-2.5010916659694082,-0.8963127951104373,0.08199543811827462,0.4080715325327374
VF0851,1.860540759545746,-0.3784773190353707,-1.3477934504493516,-0.5056983538699984,-1.4873484647348356,0.6030842621028935,0.22597103204102245
VF0852,4.208870649112135,1.3010674308894652,-1.280274127568341,1.1738463960548375,-1.419829141853825,3.234409563198299,0.24175531923418792
VF0855,1.251765338107752,0.9322916943972193,-2.972452488691944,0.8050706595625916,-3.112007502977428,2.236854548400035,0.04451150860196924
VF0857,4.050480656281672,1.485467701235362,-1.226128358963317,1.3582466664007344,-1.365683373248801,3.8893679604686073,0.2552062152835254
VF0858,6.926423346975653,0.2993331937410047,0.15277346538325365,0.172112158906377,0.013218451097769701,1.1878110493313547,1.0133062010356297
VF0859,4.177879587629023,-2.0096618768690817,0.8249631819662256,-2.1368829117037094,0.6854081676807418,0.11802215573163063,1.98458171235792
VF0867,0.7691756709473042,1.7846995304122666,1.0344964356812316,1.657478495577639,0.8949414213957476,5.246066174158856,2.447192432146504
VF0877,6.926423346975653,0.2993331937410047,0.15277346538325365,0.172112158906377,0.013218451097769701,1.1878110493313547,1.0133062010356297
VF0878,2.531084804561904,2.5500965950673264,-0.09371068288570815,2.422875560232699,-0.2332656971711921,11.278244000451902,0.7919431285192382
VF0879,5.423856078745175,0.7119650091548231,-0.701937554472909,0.5847439743201954,-0.841492568758393,1.7945314806776038,0.43106664642402465
VF0881,-1.109236560723756,2.743666420296008,2.0255576900682075,2.6164453854613803,1.8860026757827235,13.686985056982977,6.592961732041801
VF0882,0.41611362414212055,0.8531259314888029,-0.27822798886449,0.7259048966541752,-0.41778300314997396,2.0666003138257527,0.6585051064560522
VF0885,4.308870970405889,-0.5511686115601612,-0.9923457142580402,-0.6783896463947889,-1.131900728543524,0.5074334821078607,0.3224198410440002
VF0887,-4.1560813160826955,-1.1727380392560818,2.394241677253211,-1.2999590740907094,2.254686662967727,0.27254294687369207,9.532306017678223
VF0894,-0.3949111659361485,0,-1.0574111442730798,-0.1272210348346277,-1.1969661585585638,0.8805390212886358,0.30210937492200973
VF0895,3.5447594636833992,0.19498389138169486,0.27200324869916614,0.06776285654706715,0.1324482344136822,1.0701115084483195,1.1416199179351685
VF0899,-1.5085216019576428,1.2277961973415275,1.104319972619621,1.1005751625068998,0.9647649583341369,3.0058944046101397,2.6241707945082324
VF0906,2.271189212987725,0,0.2486646083956265,-0.1272210348346277,0.10910959411014257,0.8805390212886358,1.115284572264177
VF0907,4.337421582895294,0.6282648533147274,-2.219124333459485,0.5010438184800996,-2.358679347744969,1.6504431349315316,0.0945450018534588
VF0908,0.29417332643623034,-0.035879654878521905,-0.43199228604338247,-0.16310068971314962,-0.5715473003288665,0.8495056476281453,0.5646510776262882
VF0909,6.325866096654308,0.1291991950991849,0.07238420290833211,0.0019781602645571883,-0.06717081137715183,1.0019801181143406,0.9350354729986275
VF0911,2.001466959093228,-0.5400287593580025,-1.4586419811949607,-0.6672497941926303,-1.5981969954804447,0.5131178186518096,0.20226086669155302
VF0912,-2.809865486802497,2.11390907767354,2.049128575080699,1.9866880428389124,1.9095735607952151,7.291345105885802,6.750209630652861
VF0915,-1.209233284135553,-2.095486648912721,-1.4003892202628774,-2.2227076837473487,-1.5399442345483614,0.10831542748370422,0.21439305681926765
VF0916,-2.5723136729834835,-1.6748491094217923,-0.01024505221255174,-1.80207014425642,-0.14980006649803568,0.1649570496272224,0.8608800779888139
VF0917,5.813644806369019,-1.9621693724016431,0.3728443302300638,-2.089390407236271,0.23328931594457986,0.12376255758636222,1.2627467592554789
VF0918,-2.4165692967128525,-2.652413207907972,-1.6302161787476515,-2.7796342427425995,-1.7697711930331355,0.062061202561881086,0.17037196665896942
VF0920,-2.5635961819598085,0.449365549692584,0.9420895152692953,0.3221445148579563,0.8025345009838114,1.3800842042194663,2.231188718306358
VF0921,-2.1583984429650953,-0.0701861894033009,-0.9414339640834323,-0.1974072242379286,-1.0809889783689162,0.8208562926632414,0.3392598390366534
VF0922,-1.8179454673044984,0.27939724781799885,0.6293146553614133,0.15217621298337114,0.48975964107592934,1.1643653946557366,1.6319239253326527
VF0923,0.7205976580654059,0.86271472676744,1.0624693655607744,0.7354936919328123,0.9229143512752904,2.086511832331643,2.5166140102017507
VF0924,2.271189212987725,0,0.2486646083956265,-0.1272210348346277,0.10910959411014257,0.8805390212886358,1.115284572264177
VF0925,-1.5097181228601497,-0.932363072187381,-1.189891312235062,-1.0595841070220087,-1.329446326520546,0.3465999288356179,0.26462373589113075
VF0926,-3.6372328328788477,0,0.0427885986637731,-0.1272210348346277,-0.09676641562171084,0.8805390212886358,0.9077680217995376
VF0927,2.271189212987725,0,0.2486646083956265,-0.1272210348346277,0.10910959411014257,0.8805390212886358,1.115284572264177
VF0928,-0.225698941761046,-1.5949799387738721,0.21278623675327782,-1.7222009736084998,0.07323122246779387,0.17867246145144605,1.0759792987426837
VF0931,-1.4360363330223052,2.075607788682816,0.8262148968293777,1.9483867538481885,0.6866598825438937,7.017357718782826,1.9870673981447944
VF0933,2.7116661877158434,0.010150255565184755,0.2659541872330712,-0.11707077926944295,0.12639917294758723,0.889522231201559,1.1347350334192765
VF0934,0.9623945636730092,0.05487248332170717,-0.5412249658330328,-0.07234855151292055,-0.6807799801185168,0.9302066143773267,0.506221995248816
VF0936,-0.41756745697238323,-1.5449611611266432,-1.2471990763206655,-1.6721821959612708,-1.3867540906061495,0.18783672154084288,0.2498850940432873
VF0937,0.6465061983455574,-1.5071562004761037,-0.988093540546123,-1.6343772353107313,-1.1276485548316069,0.195073818564726,0.32379374518569776
VF0938,0.9567930270172621,-2.0833031764143266,-1.6578635074312635,-2.2105242112489543,-1.7974185217167475,0.10964315727163691,0.1657261549644087
VF0939,0.23917748368043965,-0.4945872483287918,-0.827108069977146,-0.6218082831634195,-0.96666308426263,0.536972560704453,0.38035011915462014
VF0940,-0.33840437226784115,0.8924393437209318,-0.4898380790849014,0.765218308886304,-0.6293930933703853,2.1494635704367657,0.5329151326079283
VF0941,-3.0148875221417213,1.675018817472608,1.6140815561027766,1.5477977826379803,1.4745265418172926,4.701105917524922,4.368966760110332
VF0943,-1.8017793946732474,2.5730704350384426,1.1062794224683832,2.445849400203815,0.9667244081828992,11.54034781073069,2.6293177665446548
VF0944,-1.5655726251353685,-2.936027272149917,-1.6316624830431101,-3.0632483069845446,-1.7712174973285941,0.04673563669220887,0.1701257350575984
VF0945,0.7122782924771327,0.2289064365285681,-3.34519380060983,0.10168540169394039,-3.484748814895314,1.1070351455578538,0.030661459163840128
VF0946,-2.9906105970243173,1.3571369281327414,0.7137707801229247,1.2299158932981138,0.5742157658374407,3.420941800057423,1.775737386788946
VF0950,2.7116661877158434,0.010150255565184755,0.2659541872330712,-0.11707077926944295,0.12639917294758723,0.889522231201559,1.1347350334192765
VF0953,-1.8352758471003137,0.48721105840012213,-0.9698099953311692,0.3599900235654944,-1.1093650096166532,1.43331511511464,0.3297682943014766
VF0954,2.271189212987725,0,0.2486646083956265,-0.1272210348346277,0.10910959411014257,0.8805390212886358,1.115284572264177
VF0955,-0.1338895847787021,0.14490289233493353,-1.1789745547601933,0.01768185750030582,-1.3185295690456773,1.0178391069964299,0.2675283949200495
VF0956,-2.6877189356637357,0.760254289909352,0.27464499213248417,0.6330332550747242,0.13508997784700022,1.8833144974283051,1.1446397719402142
VF0958,2.271189212987725,0,0.2486646083956265,-0.1272210348346277,0.10910959411014257,0.8805390212886358,1.115284572264177
VF0959,-2.5452525064470595,0.7107930052979445,-0.4618099071394229,0.5835719704633169,-0.6013649214249068,1.7924295148575875,0.54806306232209
VF0960,-3.2590979464779095,0.9703231689463084,-0.749955020747013,0.8431021341116807,-0.8895100350324969,2.3235638148018904,0.4108570089851233
VF0961,-1.9271774725369566,0.513756080962626,0.3514513898663952,0.3865350461279983,0.21189637558091123,1.4718719795762902,1.2360197966086657
VF0964,-0.13018075465964712,0,1.1238686874485366,-0.1272210348346277,0.9843136731630526,0.8805390212886358,2.675974660800531
VF0965,-0.3715464963012947,0.1759558075453755,-1.4989342784858746,0.048734772710747776,-1.6384892927713586,1.049941840579164,0.1942733108086521
VF0966,-5.7727247310728504,0.8139892316318574,1.1991772284453803,0.6867681967972297,1.0596222141598963,1.9872826375228887,2.885280765127515
VF0967,-3.1608359704027063,0.12614494307952004,1.742568001031822,-0.001076091755107672,1.603012986746338,0.9989244870239999,4.967978350075291
VF0969,-3.6553774354435635,-0.06025538853532584,2.6610874670461664,-0.18747642336995354,2.5215324527606824,0.8290486641236302,12.447657502033083
VF0970,-6.376502774584716,-0.8807801750405583,1.9727372763184494,-1.008001209875186,1.8331822620329654,0.3649477049130542,6.253756117500588
VF0972,-2.7644650318661443,-1.3690585970737001,-1.5161671396137095,-1.4962796319083278,-1.6557221538991935,0.22396183258105204,0.19095410764819082
VF0973,2.7116661877158434,0.010150255565184755,0.2659541872330712,-0.11707077926944295,0.12639917294758723,0.889522231201559,1.1347350334192765
VF0975,-2.686691973115068,-1.1287919494169338,0.12838647154052482,-1.2560129842515615,-0.011168542744959126,0.28478721709377786,0.9888935938882126
VF0979,-4.349675593182028,3.463944694466736,0.40750442682320676,3.336723659632108,0.2679494125377228,28.12682253394776,1.3072810063135896
VF0980,2.7116661877158434,0.010150255565184755,0.2659541872330712,-0.11707077926944295,0.12639917294758723,0.889522231201559,1.1347350334192765
VF0981,2.7116661877158434,0.010150255565184755,0.2659541872330712,-0.11707077926944295,0.12639917294758723,0.889522231201559,1.1347350334192765
VF0983,-0.5860735751389782,-2.2969756430173653,-1.3994726322410866,-2.424196677851993,-1.5390276465265706,0.0885492240310102,0.21458965701403088
VF0984,0.26097254361475763,1.269409808744467,1.224360330551248,1.1421887739098393,1.084805316265764,3.133619649426862,2.958863720024677
VF0985,-1.1718238127056235,1.5597921454782124,1.3824812510288784,1.4325711106435848,1.2429262367433944,4.189456913612049,3.4657402172657017
VF0993,-1.9477621642623624,1.3362923862881395,-0.46476683879875286,1.2090713514535119,-0.6043218530842368,3.3503718894559253,0.5464448709215391
VF0997,-2.3897616746510266,1.0670563432845783,0.3073511303405445,0.9398353084499507,0.16779611605506056,2.559559845737064,1.1826954534498946
VF0999,-3.1576283774317946,1.4152143978851899,1.8369460700401483,1.2879933630505622,1.6973910557546643,3.6255041810053346,5.459684781447766
VF1000,-0.6810520546525713,1.1269374348798225,1.2715527955853958,0.9997164000451948,1.1319977812999118,2.7175110331592687,3.10184712649144
VF1012,-1.6586960661768286,-0.033728511723665866,0.18470774603534904,-0.16094954655829358,0.04515273174986509,0.8513350228055573,1.046187633775129
VF1013,-1.870645673055209,0.2346428372619354,0.809686036963067,0.1074218024273077,0.670131022677583,1.1134037918683426,1.9544933868171939
VF1014,6.926423346975653,0.2993331937410047,0.15277346538325365,0.172112158906377,0.013218451097769701,1.1878110493313547,1.0133062010356297
VF1023,1.6107892109730684,-1.3653619926632885,-2.067487616225289,-1.4925830274979162,-2.207042630510773,0.22479126297265126,0.11002555406245242
VF1025,-4.943326318063664,-1.8063082736392868,1.9409940233966056,-1.9335293084739145,1.8014390091111216,0.14463682863850846,6.058359228884212
VF1026,-1.793349832994689,-1.1938311028629651,-1.7189881083702432,-1.3210521376975928,-1.8585431226557272,0.26685438665100486,0.15589959158348662
VF1028,-2.508036790266885,0.6980981727676544,-0.15656979650876243,0.5708771379330266,-0.29612481079424635,1.7698187459658503,0.7436946011135585
VF1029,-2.1243347646865964,-2.9875229653378605,0.40490175064367745,-3.114744000172488,0.2653467363581935,0.04438986949198071,1.3038830010503364
VF1030,-2.5772692205067345,-1.6155295545153494,0.11691209207624108,-1.742750589349977,-0.02264292220924287,0.17503827943501732,0.9776115048120949
VF1031,0.3219748651892377,-0.20373743179515924,-0.6216593316043098,-0.33095846662978695,-0.7612143458897938,0.718234999141213,0.46709886288580177
VF1036,0.7936521051459484,-0.3223285232885662,-0.8783988130977762,-0.4495495581231939,-1.0179538273832602,0.6379154307395093,0.36133353505400834
VF1039,5.814397246107717,0.44371580667216237,0.1904024350465499,0.31649477183753466,0.050847420761065965,1.3723090675627039,1.0521623429056726
VF1040,-4.68763699160661,0.5927131152513293,-1.293189533632676,0.4654920804167016,-1.43274454791816,1.5927977806718379,0.23865302791782936
VF1042,4.492604349276936,0.40492580743859297,-0.8889782429784495,0.27770477260396526,-1.0285332572639334,1.3200964110482012,0.35753098214376094
VF1045,-4.041961951613112,-0.5306073390200515,-0.20059029438410172,-0.6578283738546793,-0.3401453086695857,0.517974961970749,0.7116669038779707
VF1046,-1.7940699513660145,-0.6063437579548044,0.01686993633304613,-0.7335647927894322,-0.12268507795243781,0.4801941427508683,0.8845421805374433
VF1047,5.200743305430388,0.9017289578078195,-1.069251763054855,0.7745079229731917,-1.208806777340339,2.169524291413357,0.2985533075489198
VF1048,4.988046060169395,-1.1460033770021585,0.5258794329269516,-1.2732244118367861,0.38632441864146766,0.2799275632847063,1.4715619955274637
VF1051,-1.7732119438200693,0.9516041695869145,-0.04111443733777694,0.8243831347522868,-0.1806694516232609,2.280473586450243,0.8347112255402571
VF1053,-4.65816811347924,1.4793483364484046,0.1614192170168763,1.352127301613777,0.021864202731392363,3.8656401726661227,1.0221049759817762
VF1054,-0.9042831612279983,-0.2073292303549651,0.6413668456494487,-0.3345502651895928,0.5018118313639648,0.7156598711446902,1.6517111833996971
VF1055,-2.165036797033747,3.439521665435055,2.7547012698635043,3.3123006306004275,2.6151462555780203,27.448201058551746,13.66921543070781
VF1056,4.741542525815533,1.1174838536992777,-1.1823982959585577,0.9902628188646501,-1.3219533102440417,2.6919418724927717,0.2666140131291324
VF1058,-3.728983746212235,-0.03331769697956383,-1.6953385111146968,-0.16053873181419154,-1.8348935254001808,0.8516848356343103,0.15963049745663305
VF1059,-1.8558745405961516,2.522671356885939,1.5168710980123083,2.3954503220513113,1.3773160837268243,10.973138392816695,3.964247627949243
VF1060,3.4157942381323583,1.2398302701152037,0.3424240345493686,1.112609235280576,0.20286902026388465,3.0422860875228817,1.2249120190869096
VF1061,-4.212871143415331,2.6633001844167135,-0.8144554464997505,2.536079149582086,-0.9540104607852344,12.630053213076733,0.38519311972418047
VF1062,-3.6371000045629356,0.06389367682609086,-0.5435822222951063,-0.06332735800853685,-0.6831372365805903,0.9386361533280928,0.5050301055260578
VF1063,-5.416019223906103,1.690087547146488,-0.7843660581094848,1.5628665123118604,-0.9239210723949687,4.77248203488388,0.3969594786504166
VF1066,3.9388139557129027,0.059375258465615394,-1.189220738787666,-0.06784577636901232,-1.32877575307315,0.9344045697309673,0.26480124505178326
VF1070,4.048022528223984,0.5934837560612758,-0.5153194522410219,0.4662627212266481,-0.6548744665265058,1.5940257287362893,0.5195072740464686
VF1073,0.0704466224415791,1.4519957780915138,1.0222128526826293,1.3247747432568862,0.8826578383971453,3.761337992820458,2.4173160112020837
VF1079,-5.031006657159466,-0.43240416468541504,1.630758707952577,-0.5596251995200427,1.491203693667093,0.571423193405525,4.44243963847631
VF1086,0.3020356669877166,0.8276160470921119,-0.37085021518792033,0.7003950122574842,-0.5104052294734043,2.014548321601791,0.6002522896023906
VF1089,-2.6021718821687676,1.354109910917176,1.1347617342088376,1.2268888760825483,0.9952067199233536,3.4106022072928472,2.7052835194826206
VF1090,-5.486502245788931,-1.3979642993961676,2.059778281989627,-1.5251853342307953,1.9202232677041429,0.2175807279713316,6.822481539048059
VF1091,-2.4496856820270905,-0.5131628547985161,0.003416607585248737,-0.6403838896331437,-0.13613840670023522,0.5270900407967237,0.872721833580014
VF1092,-0.9363628767281393,-3.0119184124530296,-0.7299067488738854,-3.1391394472876573,-0.8694617631593693,0.043320061062255444,0.4191771051016732
VF1106,-2.2834775509880396,1.049625303827441,0.34721695360071547,0.9224042689928134,0.20766193931523153,2.5153306573189225,1.2307970151283616
VF1109,-3.199200034671516,-0.6902696417099384,0.9414683372448744,-0.8174906765445662,0.8019133229593904,0.4415382277816576,2.2298031832827165
VF1110,-3.4827391928661067,2.2246622409269445,1.2845788602809345,2.097441206092317,1.1450238459954505,8.14530107765651,3.142516292374918
VF1115,-2.288685939551505,2.2788413720826575,1.3006598945225174,2.15162033724803,1.1611048802370334,8.59878003883924,3.193459718139725
VF1116,-0.7125595264626279,1.0834895143654903,0.8688779472487335,0.9562684795308627,0.7293229329632496,2.60196903492856,2.0736761145177303
VF1117,5.406596760991642,0.27836477872011234,-1.2682166251236502,0.15114374388548463,-1.4077716394091342,1.16316384375593,0.24468792903247316
VF1119,-0.3949111659361485,0,-1.0574111442730798,-0.1272210348346277,-1.1969661585585638,0.8805390212886358,0.30210937492200973
VF1120,-2.734617525740467,-1.5472557253273584,-0.05881589147057318,-1.674476760161986,-0.19837090575605712,0.18740621222853043,0.8200656296598138
VF1121,-5.400787363149497,0.22845612331616108,0.4799518908425369,0.10123508848153337,0.340396876557053,1.1065367452317583,1.4055052919881668
VF1122,-4.798991235593991,-1.4124855622912273,1.4920645758865376,-1.539706597125855,1.3525095616010536,0.2144440106867265,3.8671181346942185
VF1125,-4.621785306850813,-1.1618298600554668,0.676344011034674,-1.2890508948900945,0.5367889967491901,0.2755321680178547,1.7105055955911812
VF1126,-2.3754320048332938,-1.7209861191096798,-0.44642508264310243,-1.8482071539443075,-0.5859800969285864,0.15751932120162282,0.5565601115558761
VF1127,-2.7830261146606343,-1.8782986785406315,0.6586034361548827,-2.0055197133752594,0.5190484218693987,0.1345903291215735,1.680427830269677
VF1128,1.378607116841004,0.037091528433924506,-0.25449770105027847,-0.0901295064007032,-0.3940527153357624,0.9138128329967873,0.6743185083769138
VF1131,-3.801519771091834,-1.260125840294371,0.576022684325699,-1.3873468751289986,0.4364676700402151,0.24973700992237155,1.54723221972852
VF1132,-2.807959302959581,0.80300257414171,1.1784612744076408,0.6757815393070823,1.0389062601221568,1.9655685449165579,2.8261242785124616
VF1135,-4.083537441780389,-0.42300563274028347,0.0234742243740162,-0.5502266675749112,-0.11608078991146775,0.5768190493863208,0.8904032847890102
VF1137,-4.685859731997005,-1.1266072630101964,1.2274085270844415,-1.253828297844824,1.0878535127989575,0.28541006797497065,2.9678966782801224
VF1138,-3.141848802019106,-1.6439680747356702,2.095132120767198,-1.7711891095702978,1.955577106481714,0.170130564614395,7.067996833708207
VF1141,-1.5800670059107778,-1.6546584151658932,0.47180919713556174,-1.7818794500005208,0.3322541828500778,0.16832149795910537,1.3941071616121046
VF1146,-2.1435603652330704,1.9436505088239104,1.1741986304281438,1.8164294739892828,1.0346436161426598,6.149860963422429,2.814103155956307
VF1148,0.006834800603550606,-2.0459861179019203,-1.6759913610584283,-2.173207152736548,-1.8155463753439123,0.11381201843276165,0.1627489620732483
VF1149,-3.2088069811548743,-0.6870240363530083,0.8604125564627875,-0.8142450711876361,0.7208575421773036,0.4429736147087603,2.0561957293815363
VF1150,-3.0706991095873004,-2.2384382776555527,0.3298232462905909,-2.3656593124901804,0.19026823200510695,0.0938873788363654,1.2095740006071878
VF1151,-3.2088069811548743,-0.6870240363530083,0.8604125564627875,-0.8142450711876361,0.7208575421773036,0.4429736147087603,2.0561957293815363
VF1154,1.4924269412195004,-0.7309868665167899,-0.12081408573179557,-0.8582079013514177,-0.26036910001727953,0.42392111043709285,0.7707670431654995
VF1157,-0.008749446056622527,-1.4223108712074668,-0.7171594426198281,-1.5495319060420945,-0.856714456905312,0.21234734907753175,0.4245546860522946
VF1158,-1.6025561537797584,0.7015276465151583,1.027065852848899,0.5743066116805307,0.887510838563415,1.7758987124767285,2.429075758153256
VF1160,-0.35855134186748167,-1.937495916639037,-0.01585706340430383,-2.064716951473665,-0.15541207768978776,0.1268541913788488,0.856062340598874
VF1161,-2.858552080755247,1.8496644871020964,0.6156651057269326,1.7224434522674688,0.4761100914414486,5.598190677700545,1.609800231431227
VF1176,-4.39458223805116,-0.8415514128096631,1.3502534547940215,-0.9687724476442907,1.2106984405085375,0.37954866811396937,3.3558276802125913
VF1177,-3.6899700073310204,-0.4294722543357468,0.12167257235561021,-0.5566932891703745,-0.017882441929873732,0.5731010133873039,0.9822765001007675
VF1179,-0.8420010963972746,-1.2136375743770258,-0.9400323697113294,-1.3408586092116535,-1.0795873839968133,0.2616209419672273,0.33973567710581026
VF1194,-3.7328195798836843,0.6872199850401327,0.9760141098367168,0.5599989502055049,0.8364590955512328,1.7506706624507122,2.3081794468332437
VF1202,-3.4266167801937097,-0.6152751708768971,0.9797984024387589,-0.7424962057115247,0.8402433881532749,0.47592442626264964,2.316930821675678
VF1203,-2.516482086912236,0.7673045970667596,1.076394995947498,0.6400835622321319,0.9368399816620141,1.8966393601018339,2.5519045982732607
VF1208,-3.849858279731385,1.2009208700421476,0.4201479113589711,1.07369983520752,0.28059289707348717,2.92618590232102,1.32391452473487
VF1209,0.28427292168896523,-1.6046306508291062,-1.5593062900085803,-1.7318516856637338,-1.6988613042940643,0.1769564387130809,0.18289166347836383
VF1211,-2.203275992310156,-2.289158975925266,0.7866561352002439,-2.4163800107598936,0.6471011209147599,0.08924409609023384,1.9099959486196796
VF1212,2.241144289590595,-1.2050208708885628,-1.07803758460666,-1.3322419057231905,-1.217592598892144,0.26388499236768537,0.29594176055691485
VF1213,-2.2253835729308937,-2.270906452190128,0.4502020378655064,-2.3981274870247558,0.31064702358002244,0.09088798297575013,1.3643075677839909
VF1220,5.225068203606332,-1.1346116349985464,-1.8105007536313737,-1.261832669833174,-1.9500557679168578,0.28313465838285184,0.1422661374791547
VF1223,4.892000713997193,0.18586843653953777,0.05783678091929047,0.05864740170491006,-0.08171823336619348,1.0604012791317876,0.9215315789694184
VF1230,3.0733904851771636,-1.4236402791182612,0.3830888828974477,-1.5508613139528888,0.24353386861196374,0.21206524039213906,1.2757495249746014
VF1232,-4.682676355174562,0.5843584859471624,2.4202660393538173,0.45713745111253473,2.2807110250683333,1.5795459796813018,9.78363434630388
VF1233,-2.484357988149997,1.683645236442733,1.2073555875114548,1.5564242016081054,1.0678005732259708,4.741835047490555,2.9089743826236414
VF1236,2.7116661877158434,0.010150255565184755,0.2659541872330712,-0.11707077926944295,0.12639917294758723,0.889522231201559,1.1347350334192765
VF1237,-3.668398775226704,2.306734666253904,1.231857534264472,2.1795136314192765,1.092302519978988,8.842004739447889,2.981130288295905
VF1239,-3.8333843967675323,-1.2503720815772255,0.6387360878918824,-1.3775931164118531,0.49918107360639846,0.2521848026436613,1.6473716420345537
VF1242,-2.4655255831552987,0.2602561794561176,1.1107848182135882,0.1330351446214899,0.9712298039281042,1.1422901429801626,2.641190609467339
VF1243,4.387974999691746,-0.4002573257890383,-1.0904713291584252,-0.5274783606236659,-1.2300263434439092,0.5900910920919207,0.29228487778915546
VF1244,4.1523845813366265,-0.1430881944533776,0.7420134202242047,-0.27030922928800527,0.6024584059387208,0.763143471533804,1.826603818809538
VF1245,-1.9336134762978985,-0.8913003661589052,-0.1499869135388114,-1.0185214009935328,-0.28954192782429533,0.36112850986395273,0.7486064048150711
VF1246,-0.9277213480452642,-2.2895715167773774,-2.5713663349838525,-2.416792551612005,-2.7109213492693365,0.089207286847967,0.06647553130912585
VF1247,-2.5003150136840153,-1.1268732697197923,-0.48431382481562235,-1.25409430455442,-0.6238688391011062,0.28533415707875454,0.5358672378869559
VF1250,1.604426695900551,-1.40832173978744,-2.1865568098445918,-1.5355427746220676,-2.3261118241300758,0.21533877901973936,0.09767478647398319
VF1251,-0.8086208725679828,-2.523991194869176,-1.7114131676278608,-2.6512122297038037,-1.8509681819133448,0.0705656194513873,0.15708500580450957
VF1252,-1.334092642178048,2.349056244128338,1.8606112881704002,2.2218352092937104,1.7210562738849162,9.22424375966063,5.590430372319371
VF1253,-1.6139021587635178,-2.094917873835421,-2.0643352200229708,-2.2221389086700487,-2.2038902343084548,0.1083770521229622,0.1103729454712293
VF1254,-0.019868217736564827,1.029962958725397,1.2460043186044685,0.9027419238907692,1.1064493043189845,2.4663564099739013,3.0236034163164707
VF1259,-3.7811961170059503,-1.9375081794349611,1.3932718659401897,-2.064729214269589,1.2537168516547057,0.1268526358013257,3.5033401838769893
VF1260,0.19797603078310202,-1.5186863225623468,-1.4045626705336063,-1.6459073573969745,-1.5441176848190903,0.19283751084655135,0.21350016257910936
VF1262,-3.4546128166813257,-0.6174169444999751,0.9038133737631446,-0.7446379793346027,0.7642583594776606,0.4749061946799103,2.1474011842050205
VF1264,-4.475721647390921,-0.9958271954291126,1.127861961013064,-1.1230482302637403,0.98830694672758,0.32528673298782407,2.6866819239599393
VF1265,0.019070479794252058,-2.672913636621142,-2.2329622120659822,-2.8001346714557696,-2.3725172263514662,0.06080187379697188,0.09324571004913633
VF1266,-0.8846927712712264,-0.9499848478043785,-0.5169075272962551,-1.0772058826390063,-0.6564625415817391,0.34054572226110097,0.5186829122509972
VF1268,-3.203452501551657,0.3510950222194308,-0.3605261705526322,0.22387398738480307,-0.5000811848381161,1.2509133786299802,0.6064814206179732
VF1269,-2.5035303755905263,-0.7745358834081433,-1.8428851404538624,-0.9017569182427709,-1.9824401547393464,0.4058559772129505,0.13773273772960454
VF1270,2.2786592425676777,2.4184566273536467,-1.6174291873041373,2.291235592519019,-1.7569842015896213,9.887146621382144,0.17256449961443643
VF1274,0.6593331967484368,1.9415203143639976,0.8534292748821045,1.81429927952937,0.7138742605966206,6.136774506966,2.0418867555644167
VF1282,-5.425945355658564,-0.8503874264899657,1.0874374207916344,-0.9776084613245934,0.9478824065061504,0.376209744003617,2.580239970696744
VF1283,-1.1262860727181232,0.9034921626359703,0.035763171974209994,0.7762711278013426,-0.10379184231127395,2.173352981509284,0.9014129139223686
VF1285,1.1031441481925672,-1.9804830058183747,-1.3233401374772555,-2.1077040406530023,-1.4628951517627395,0.12151664366900841,0.23156488782205586
VF1286,-2.3963422293240315,-1.341524813411173,-0.7544357836644242,-1.4687458482458007,-0.8939907979499082,0.23021402753743295,0.4090201744182231
VF1288,-2.568287279416008,-0.647151551899621,0.4179693860058318,-0.7743725867342488,0.27841437172034783,0.4609929233591375,1.3210334827283186
VF1295,0.08437562702189548,1.2125435350161162,-0.21492163249184862,1.0853225001814886,-0.3544766467773326,2.9603943925349774,0.701540500631689
VF1296,-2.085991772039885,0.636388146266932,0.8209300885269237,0.5091671114323042,0.6813750742414397,1.6639047703964573,1.9765938276442367
VF1299,-1.4622277207622982,2.4169327348674434,1.9964903403734438,2.2897117000328158,1.8569353260879597,9.87209114731128,6.404080248728955
VF1301,-3.565815000918355,2.568224531080956,2.2306430152667844,2.4410034962463283,2.0910880009813004,11.484559674750054,8.093716346917017
VF1302,-2.042762238016405,0.8986068742040425,-1.1073415551827772,0.7713858393694148,-1.2468965694682612,2.162761417816897,0.2873953257267482
VF1307,-2.0669450258611763,-2.204629171730761,1.3948836488539254,-2.3318502065653886,1.2553286345684413,0.09711589629135352,3.5089913607381127
VF1310,-3.242291284486761,0.5784849199654107,2.210627796312304,0.451263885130783,2.07107278202682,1.5702956050850756,7.933329287473206
VF1319,-2.487357271079899,-1.9241694555838698,-0.4895228489252594,-2.0513904904184974,-0.6290778632107433,0.1285560233323014,0.533083150010941
VF1334,-0.6667469679688581,1.4780835479125438,0.5304649680515748,1.3508625130779162,0.3909099537660909,3.860754045901887,1.478325389785754
VF1337,-2.4532849570383837,0.34643696653819195,-0.8573862488514898,0.21921593170356424,-0.9969412631369738,1.2451001042489085,0.36900641025158937
VF1338,-3.585690224664008,-0.18129290070185994,-0.8618697117451003,-0.30851393553648765,-1.0014247260305842,0.7345377159507043,0.367355686947222
VF1341,-1.05796692215321,-2.198037068152257,-0.6718069237916822,-2.3252581029868846,-0.8113619380771662,0.09775820910911961,0.44425260947450473
VF1346,-1.3882412281935002,-1.9438315379285356,-1.17219674802483,-2.0710525727631635,-1.311751762310314,0.12605303186480685,0.2693478095322282
VF1351,-4.556389160358241,2.7281937640031537,1.234977111988388,2.600972729168526,1.095422097702904,13.476840977479732,2.9904446768611193
VF1354,-1.0803061170794075,-2.3916563835592743,-0.9904046028441401,-2.518877418393902,-1.129959617129624,0.08054997994025352,0.3230463016957752
VF1355,-3.3807196096786205,-0.3261547285489999,1.4367244406555286,-0.4533757633836276,1.2971694263700446,0.6354792989049711,3.658925138844175
